species_id,organ,seed,path
1416509,flower,0,1416509_flower_00000.png
1416509,flower,1,1416509_flower_00001.png
1416509,flower,2,1416509_flower_00002.png
1416509,flower,3,1416509_flower_00003.png
1416509,flower,4,1416509_flower_00004.png
1416509,flower,5,1416509_flower_00005.png
1416509,flower,6,1416509_flower_00006.png
1416509,flower,7,1416509_flower_00007.png
1416509,flower,8,1416509_flower_00008.png
1416509,flower,9,1416509_flower_00009.png
1416509,flower,10,1416509_flower_00010.png
1416509,flower,11,1416509_flower_00011.png
1416509,flower,12,1416509_flower_00012.png
1416509,flower,13,1416509_flower_00013.png
1416509,flower,14,1416509_flower_00014.png
1416509,flower,15,1416509_flower_00015.png
1416509,flower,16,1416509_flower_00016.png
1416509,flower,17,1416509_flower_00017.png
1416509,flower,18,1416509_flower_00018.png
1416509,flower,19,1416509_flower_00019.png
1416509,flower,20,1416509_flower_00020.png
1416509,flower,21,1416509_flower_00021.png
1416509,flower,22,1416509_flower_00022.png
1416509,flower,23,1416509_flower_00023.png
1416509,flower,24,1416509_flower_00024.png
1416509,flower,25,1416509_flower_00025.png
1416509,flower,26,1416509_flower_00026.png
1416509,flower,27,1416509_flower_00027.png
1416509,flower,28,1416509_flower_00028.png
1416509,flower,29,1416509_flower_00029.png
1416509,flower,30,1416509_flower_00030.png
1416509,flower,31,1416509_flower_00031.png
1416509,flower,32,1416509_flower_00032.png
1416509,flower,33,1416509_flower_00033.png
1416509,flower,34,1416509_flower_00034.png
1416509,flower,35,1416509_flower_00035.png
1416509,flower,36,1416509_flower_00036.png
1416509,flower,37,1416509_flower_00037.png
1416509,flower,38,1416509_flower_00038.png
1416509,flower,39,1416509_flower_00039.png
1416509,flower,40,1416509_flower_00040.png
1416509,flower,41,1416509_flower_00041.png
1416509,flower,42,1416509_flower_00042.png
1416509,flower,43,1416509_flower_00043.png
1416509,flower,44,1416509_flower_00044.png
1416509,flower,45,1416509_flower_00045.png
1416509,flower,46,1416509_flower_00046.png
1416509,flower,47,1416509_flower_00047.png
1416509,flower,48,1416509_flower_00048.png
1416509,flower,49,1416509_flower_00049.png
1416509,flower,50,1416509_flower_00050.png
1416509,flower,51,1416509_flower_00051.png
1416509,flower,52,1416509_flower_00052.png
1416509,flower,53,1416509_flower_00053.png
1416509,flower,54,1416509_flower_00054.png
1416509,flower,55,1416509_flower_00055.png
1416509,flower,56,1416509_flower_00056.png
1416509,flower,57,1416509_flower_00057.png
1416509,flower,58,1416509_flower_00058.png
1416509,flower,59,1416509_flower_00059.png
1416509,flower,60,1416509_flower_00060.png
1416509,flower,61,1416509_flower_00061.png
1416509,flower,62,1416509_flower_00062.png
1416509,flower,63,1416509_flower_00063.png
1416509,flower,64,1416509_flower_00064.png
1416509,flower,65,1416509_flower_00065.png
1416509,flower,66,1416509_flower_00066.png
1416509,flower,67,1416509_flower_00067.png
1416509,flower,68,1416509_flower_00068.png
1416509,flower,69,1416509_flower_00069.png
1416509,flower,70,1416509_flower_00070.png
1416509,flower,71,1416509_flower_00071.png
1416509,leaf,72,1416509_leaf_00072.png
1416509,leaf,73,1416509_leaf_00073.png
1416509,leaf,74,1416509_leaf_00074.png
1416509,leaf,75,1416509_leaf_00075.png
1416509,leaf,76,1416509_leaf_00076.png
1416509,leaf,77,1416509_leaf_00077.png
1416509,leaf,78,1416509_leaf_00078.png
1416509,leaf,79,1416509_leaf_00079.png
1416509,leaf,80,1416509_leaf_00080.png
1416509,leaf,81,1416509_leaf_00081.png
1416509,leaf,82,1416509_leaf_00082.png
1416509,leaf,83,1416509_leaf_00083.png
1416509,leaf,84,1416509_leaf_00084.png
1416509,leaf,85,1416509_leaf_00085.png
1416509,leaf,86,1416509_leaf_00086.png
1416509,leaf,87,1416509_leaf_00087.png
1416509,leaf,88,1416509_leaf_00088.png
1416509,leaf,89,1416509_leaf_00089.png
1416509,leaf,90,1416509_leaf_00090.png
1416509,leaf,91,1416509_leaf_00091.png
1416509,leaf,92,1416509_leaf_00092.png
1416509,leaf,93,1416509_leaf_00093.png
1416509,leaf,94,1416509_leaf_00094.png
1416509,leaf,95,1416509_leaf_00095.png
1416509,leaf,96,1416509_leaf_00096.png
1416509,leaf,97,1416509_leaf_00097.png
1416509,leaf,98,1416509_leaf_00098.png
1416509,leaf,99,1416509_leaf_00099.png
1416509,leaf,100,1416509_leaf_00100.png
1416509,leaf,101,1416509_leaf_00101.png
1416509,leaf,102,1416509_leaf_00102.png
1416509,leaf,103,1416509_leaf_00103.png
1416509,leaf,104,1416509_leaf_00104.png
1416509,leaf,105,1416509_leaf_00105.png
1416509,leaf,106,1416509_leaf_00106.png
1416509,leaf,107,1416509_leaf_00107.png
1416509,leaf,108,1416509_leaf_00108.png
1416509,leaf,109,1416509_leaf_00109.png
1416509,leaf,110,1416509_leaf_00110.png
1416509,leaf,111,1416509_leaf_00111.png
1416509,leaf,112,1416509_leaf_00112.png
1416509,leaf,113,1416509_leaf_00113.png
1416509,leaf,114,1416509_leaf_00114.png
1416509,leaf,115,1416509_leaf_00115.png
1416509,leaf,116,1416509_leaf_00116.png
1416509,leaf,117,1416509_leaf_00117.png
1416509,leaf,118,1416509_leaf_00118.png
1416509,leaf,119,1416509_leaf_00119.png
1416509,leaf,120,1416509_leaf_00120.png
1416509,leaf,121,1416509_leaf_00121.png
1416509,leaf,122,1416509_leaf_00122.png
1416509,leaf,123,1416509_leaf_00123.png
1416509,leaf,124,1416509_leaf_00124.png
1416509,leaf,125,1416509_leaf_00125.png
1416509,leaf,126,1416509_leaf_00126.png
1416509,leaf,127,1416509_leaf_00127.png
1416509,leaf,128,1416509_leaf_00128.png
1416509,leaf,129,1416509_leaf_00129.png
1416509,leaf,130,1416509_leaf_00130.png
1416509,leaf,131,1416509_leaf_00131.png
1416509,leaf,132,1416509_leaf_00132.png
1416509,leaf,133,1416509_leaf_00133.png
1416509,leaf,134,1416509_leaf_00134.png
1416509,leaf,135,1416509_leaf_00135.png
1416509,leaf,136,1416509_leaf_00136.png
1416509,leaf,137,1416509_leaf_00137.png
1416509,leaf,138,1416509_leaf_00138.png
1416509,leaf,139,1416509_leaf_00139.png
1416509,leaf,140,1416509_leaf_00140.png
1416509,leaf,141,1416509_leaf_00141.png
1416509,leaf,142,1416509_leaf_00142.png
1416509,leaf,143,1416509_leaf_00143.png
1416509,leaf,144,1416509_leaf_00144.png
1416509,leaf,145,1416509_leaf_00145.png
1416509,leaf,146,1416509_leaf_00146.png
1416509,leaf,147,1416509_leaf_00147.png
1416509,leaf,148,1416509_leaf_00148.png
1416509,leaf,149,1416509_leaf_00149.png
1416509,leaf,150,1416509_leaf_00150.png
1416509,leaf,151,1416509_leaf_00151.png
1416509,leaf,152,1416509_leaf_00152.png
1416509,leaf,153,1416509_leaf_00153.png
1416509,leaf,154,1416509_leaf_00154.png
1416509,leaf,155,1416509_leaf_00155.png
1416509,leaf,156,1416509_leaf_00156.png
1416509,leaf,157,1416509_leaf_00157.png
1416509,leaf,158,1416509_leaf_00158.png
1416509,leaf,159,1416509_leaf_00159.png
1416509,leaf,160,1416509_leaf_00160.png
1416509,leaf,161,1416509_leaf_00161.png
1416509,leaf,162,1416509_leaf_00162.png
1416509,leaf,163,1416509_leaf_00163.png
1416509,leaf,164,1416509_leaf_00164.png
1416509,leaf,165,1416509_leaf_00165.png
1416509,leaf,166,1416509_leaf_00166.png
1416509,leaf,167,1416509_leaf_00167.png
1416509,leaf,168,1416509_leaf_00168.png
1416509,leaf,169,1416509_leaf_00169.png
1416509,leaf,170,1416509_leaf_00170.png
1416509,leaf,171,1416509_leaf_00171.png
1416509,leaf,172,1416509_leaf_00172.png
1416509,leaf,173,1416509_leaf_00173.png
1416509,leaf,174,1416509_leaf_00174.png
1416509,leaf,175,1416509_leaf_00175.png
1416509,leaf,176,1416509_leaf_00176.png
1416509,leaf,177,1416509_leaf_00177.png
1416509,leaf,178,1416509_leaf_00178.png
1416509,leaf,179,1416509_leaf_00179.png
1419807,flower,0,1419807_flower_00000.png
1419807,flower,1,1419807_flower_00001.png
1419807,flower,2,1419807_flower_00002.png
1419807,flower,3,1419807_flower_00003.png
1419807,flower,4,1419807_flower_00004.png
1419807,flower,5,1419807_flower_00005.png
1419807,flower,6,1419807_flower_00006.png
1419807,flower,7,1419807_flower_00007.png
1419807,flower,8,1419807_flower_00008.png
1419807,flower,9,1419807_flower_00009.png
1419807,flower,10,1419807_flower_00010.png
1419807,flower,11,1419807_flower_00011.png
1419807,flower,12,1419807_flower_00012.png
1419807,flower,13,1419807_flower_00013.png
1419807,flower,14,1419807_flower_00014.png
1419807,flower,15,1419807_flower_00015.png
1419807,flower,16,1419807_flower_00016.png
1419807,flower,17,1419807_flower_00017.png
1419807,flower,18,1419807_flower_00018.png
1419807,flower,19,1419807_flower_00019.png
1419807,flower,20,1419807_flower_00020.png
1419807,flower,21,1419807_flower_00021.png
1419807,flower,22,1419807_flower_00022.png
1419807,flower,23,1419807_flower_00023.png
1419807,flower,24,1419807_flower_00024.png
1419807,flower,25,1419807_flower_00025.png
1419807,flower,26,1419807_flower_00026.png
1419807,flower,27,1419807_flower_00027.png
1419807,flower,28,1419807_flower_00028.png
1419807,flower,29,1419807_flower_00029.png
1419807,flower,30,1419807_flower_00030.png
1419807,flower,31,1419807_flower_00031.png
1419807,flower,32,1419807_flower_00032.png
1419807,flower,33,1419807_flower_00033.png
1419807,flower,34,1419807_flower_00034.png
1419807,flower,35,1419807_flower_00035.png
1419807,flower,36,1419807_flower_00036.png
1419807,flower,37,1419807_flower_00037.png
1419807,flower,38,1419807_flower_00038.png
1419807,flower,39,1419807_flower_00039.png
1419807,flower,40,1419807_flower_00040.png
1419807,flower,41,1419807_flower_00041.png
1419807,flower,42,1419807_flower_00042.png
1419807,flower,43,1419807_flower_00043.png
1419807,flower,44,1419807_flower_00044.png
1419807,flower,45,1419807_flower_00045.png
1419807,leaf,46,1419807_leaf_00046.png
1419807,leaf,47,1419807_leaf_00047.png
1419807,leaf,48,1419807_leaf_00048.png
1419807,leaf,49,1419807_leaf_00049.png
1419807,leaf,50,1419807_leaf_00050.png
1419807,leaf,51,1419807_leaf_00051.png
1419807,leaf,52,1419807_leaf_00052.png
1419807,leaf,53,1419807_leaf_00053.png
1419807,leaf,54,1419807_leaf_00054.png
1419807,leaf,55,1419807_leaf_00055.png
1419807,leaf,56,1419807_leaf_00056.png
1419807,leaf,57,1419807_leaf_00057.png
1419807,leaf,58,1419807_leaf_00058.png
1419807,leaf,59,1419807_leaf_00059.png
1419807,leaf,60,1419807_leaf_00060.png
1419807,leaf,61,1419807_leaf_00061.png
1419807,leaf,62,1419807_leaf_00062.png
1419807,leaf,63,1419807_leaf_00063.png
1419807,leaf,64,1419807_leaf_00064.png
1419807,leaf,65,1419807_leaf_00065.png
1419807,leaf,66,1419807_leaf_00066.png
1419807,leaf,67,1419807_leaf_00067.png
1419807,leaf,68,1419807_leaf_00068.png
1419807,leaf,69,1419807_leaf_00069.png
1419807,leaf,70,1419807_leaf_00070.png
1419807,leaf,71,1419807_leaf_00071.png
1419807,leaf,72,1419807_leaf_00072.png
1419807,leaf,73,1419807_leaf_00073.png
1419807,leaf,74,1419807_leaf_00074.png
1419807,leaf,75,1419807_leaf_00075.png
1419807,leaf,76,1419807_leaf_00076.png
1419807,leaf,77,1419807_leaf_00077.png
1419807,leaf,78,1419807_leaf_00078.png
1419807,leaf,79,1419807_leaf_00079.png
1419807,leaf,80,1419807_leaf_00080.png
1419807,leaf,81,1419807_leaf_00081.png
1419807,leaf,82,1419807_leaf_00082.png
1419807,leaf,83,1419807_leaf_00083.png
1419807,leaf,84,1419807_leaf_00084.png
1419807,leaf,85,1419807_leaf_00085.png
1419807,leaf,86,1419807_leaf_00086.png
1419807,leaf,87,1419807_leaf_00087.png
1419807,leaf,88,1419807_leaf_00088.png
1419807,leaf,89,1419807_leaf_00089.png
1419807,leaf,90,1419807_leaf_00090.png
1419807,leaf,91,1419807_leaf_00091.png
1419807,leaf,92,1419807_leaf_00092.png
1419807,leaf,93,1419807_leaf_00093.png
1419807,leaf,94,1419807_leaf_00094.png
1419807,leaf,95,1419807_leaf_00095.png
1419807,leaf,96,1419807_leaf_00096.png
1419807,leaf,97,1419807_leaf_00097.png
1419807,leaf,98,1419807_leaf_00098.png
1419807,leaf,99,1419807_leaf_00099.png
1419807,leaf,100,1419807_leaf_00100.png
1419807,leaf,101,1419807_leaf_00101.png
1419807,leaf,102,1419807_leaf_00102.png
1419807,leaf,103,1419807_leaf_00103.png
1419807,leaf,104,1419807_leaf_00104.png
1419807,leaf,105,1419807_leaf_00105.png
1419807,leaf,106,1419807_leaf_00106.png
1419807,leaf,107,1419807_leaf_00107.png
1419807,leaf,108,1419807_leaf_00108.png
1419807,leaf,109,1419807_leaf_00109.png
1419807,leaf,110,1419807_leaf_00110.png
1419807,leaf,111,1419807_leaf_00111.png
1419807,leaf,112,1419807_leaf_00112.png
1419807,leaf,113,1419807_leaf_00113.png
1419807,leaf,114,1419807_leaf_00114.png
1419807,leaf,115,1419807_leaf_00115.png
1419807,leaf,116,1419807_leaf_00116.png
1419807,leaf,117,1419807_leaf_00117.png
1419807,leaf,118,1419807_leaf_00118.png
1419807,leaf,119,1419807_leaf_00119.png
1419807,leaf,120,1419807_leaf_00120.png
1419807,leaf,121,1419807_leaf_00121.png
1419807,leaf,122,1419807_leaf_00122.png
1419807,leaf,123,1419807_leaf_00123.png
1419807,leaf,124,1419807_leaf_00124.png
1419807,leaf,125,1419807_leaf_00125.png
1419807,leaf,126,1419807_leaf_00126.png
1419807,leaf,127,1419807_leaf_00127.png
1419807,leaf,128,1419807_leaf_00128.png
1419807,leaf,129,1419807_leaf_00129.png
1419807,leaf,130,1419807_leaf_00130.png
1419807,leaf,131,1419807_leaf_00131.png
1419807,leaf,132,1419807_leaf_00132.png
1419807,leaf,133,1419807_leaf_00133.png
1419807,leaf,134,1419807_leaf_00134.png
1419807,leaf,135,1419807_leaf_00135.png
1419807,leaf,136,1419807_leaf_00136.png
1419807,leaf,137,1419807_leaf_00137.png
1419807,leaf,138,1419807_leaf_00138.png
1419807,leaf,139,1419807_leaf_00139.png
1419807,leaf,140,1419807_leaf_00140.png
1419807,leaf,141,1419807_leaf_00141.png
1419807,leaf,142,1419807_leaf_00142.png
1419807,leaf,143,1419807_leaf_00143.png
1419807,leaf,144,1419807_leaf_00144.png
1419807,leaf,145,1419807_leaf_00145.png
1419807,leaf,146,1419807_leaf_00146.png
1419807,leaf,147,1419807_leaf_00147.png
1419807,leaf,148,1419807_leaf_00148.png
1419807,leaf,149,1419807_leaf_00149.png
1419807,leaf,150,1419807_leaf_00150.png
1419807,leaf,151,1419807_leaf_00151.png
1419807,leaf,152,1419807_leaf_00152.png
1419807,leaf,153,1419807_leaf_00153.png
1419807,leaf,154,1419807_leaf_00154.png
1419807,leaf,155,1419807_leaf_00155.png
1419807,leaf,156,1419807_leaf_00156.png
1419807,leaf,157,1419807_leaf_00157.png
1419807,leaf,158,1419807_leaf_00158.png
1419807,leaf,159,1419807_leaf_00159.png
1419807,leaf,160,1419807_leaf_00160.png
1419807,leaf,161,1419807_leaf_00161.png
1419807,leaf,162,1419807_leaf_00162.png
1419807,leaf,163,1419807_leaf_00163.png
1419807,leaf,164,1419807_leaf_00164.png
1419807,leaf,165,1419807_leaf_00165.png
1419807,leaf,166,1419807_leaf_00166.png
1419807,leaf,167,1419807_leaf_00167.png
1419807,leaf,168,1419807_leaf_00168.png
1419807,leaf,169,1419807_leaf_00169.png
1419807,leaf,170,1419807_leaf_00170.png
1419807,leaf,171,1419807_leaf_00171.png
1419807,leaf,172,1419807_leaf_00172.png
1419807,leaf,173,1419807_leaf_00173.png
1419807,leaf,174,1419807_leaf_00174.png
1419807,leaf,175,1419807_leaf_00175.png
1419807,leaf,176,1419807_leaf_00176.png
1376703,flower,0,1376703_flower_00000.png
1376703,flower,1,1376703_flower_00001.png
1376703,flower,2,1376703_flower_00002.png
1376703,flower,3,1376703_flower_00003.png
1376703,flower,4,1376703_flower_00004.png
1376703,flower,5,1376703_flower_00005.png
1376703,flower,6,1376703_flower_00006.png
1376703,flower,7,1376703_flower_00007.png
1376703,flower,8,1376703_flower_00008.png
1376703,flower,9,1376703_flower_00009.png
1376703,flower,10,1376703_flower_00010.png
1376703,flower,11,1376703_flower_00011.png
1376703,flower,12,1376703_flower_00012.png
1376703,flower,13,1376703_flower_00013.png
1376703,flower,14,1376703_flower_00014.png
1376703,flower,15,1376703_flower_00015.png
1376703,flower,16,1376703_flower_00016.png
1376703,flower,17,1376703_flower_00017.png
1376703,flower,18,1376703_flower_00018.png
1376703,flower,19,1376703_flower_00019.png
1376703,flower,20,1376703_flower_00020.png
1376703,flower,21,1376703_flower_00021.png
1376703,flower,22,1376703_flower_00022.png
1376703,flower,23,1376703_flower_00023.png
1376703,flower,24,1376703_flower_00024.png
1376703,flower,25,1376703_flower_00025.png
1376703,flower,26,1376703_flower_00026.png
1376703,flower,27,1376703_flower_00027.png
1376703,flower,28,1376703_flower_00028.png
1376703,flower,29,1376703_flower_00029.png
1376703,flower,30,1376703_flower_00030.png
1376703,flower,31,1376703_flower_00031.png
1376703,flower,32,1376703_flower_00032.png
1376703,flower,33,1376703_flower_00033.png
1376703,flower,34,1376703_flower_00034.png
1376703,flower,35,1376703_flower_00035.png
1376703,flower,36,1376703_flower_00036.png
1376703,flower,37,1376703_flower_00037.png
1376703,flower,38,1376703_flower_00038.png
1376703,flower,39,1376703_flower_00039.png
1376703,flower,40,1376703_flower_00040.png
1376703,flower,41,1376703_flower_00041.png
1376703,flower,42,1376703_flower_00042.png
1376703,leaf,43,1376703_leaf_00043.png
1376703,leaf,44,1376703_leaf_00044.png
1376703,leaf,45,1376703_leaf_00045.png
1376703,leaf,46,1376703_leaf_00046.png
1376703,leaf,47,1376703_leaf_00047.png
1376703,leaf,48,1376703_leaf_00048.png
1376703,leaf,49,1376703_leaf_00049.png
1376703,leaf,50,1376703_leaf_00050.png
1376703,leaf,51,1376703_leaf_00051.png
1376703,leaf,52,1376703_leaf_00052.png
1376703,leaf,53,1376703_leaf_00053.png
1376703,leaf,54,1376703_leaf_00054.png
1376703,leaf,55,1376703_leaf_00055.png
1376703,leaf,56,1376703_leaf_00056.png
1376703,leaf,57,1376703_leaf_00057.png
1376703,leaf,58,1376703_leaf_00058.png
1376703,leaf,59,1376703_leaf_00059.png
1376703,leaf,60,1376703_leaf_00060.png
1376703,leaf,61,1376703_leaf_00061.png
1376703,leaf,62,1376703_leaf_00062.png
1376703,leaf,63,1376703_leaf_00063.png
1376703,leaf,64,1376703_leaf_00064.png
1376703,leaf,65,1376703_leaf_00065.png
1376703,leaf,66,1376703_leaf_00066.png
1376703,leaf,67,1376703_leaf_00067.png
1376703,leaf,68,1376703_leaf_00068.png
1376703,leaf,69,1376703_leaf_00069.png
1376703,leaf,70,1376703_leaf_00070.png
1376703,leaf,71,1376703_leaf_00071.png
1376703,leaf,72,1376703_leaf_00072.png
1376703,leaf,73,1376703_leaf_00073.png
1376703,leaf,74,1376703_leaf_00074.png
1376703,leaf,75,1376703_leaf_00075.png
1376703,leaf,76,1376703_leaf_00076.png
1376703,leaf,77,1376703_leaf_00077.png
1376703,leaf,78,1376703_leaf_00078.png
1376703,leaf,79,1376703_leaf_00079.png
1376703,leaf,80,1376703_leaf_00080.png
1376703,leaf,81,1376703_leaf_00081.png
1376703,leaf,82,1376703_leaf_00082.png
1376703,leaf,83,1376703_leaf_00083.png
1376703,leaf,84,1376703_leaf_00084.png
1376703,leaf,85,1376703_leaf_00085.png
1376703,leaf,86,1376703_leaf_00086.png
1376703,leaf,87,1376703_leaf_00087.png
1376703,leaf,88,1376703_leaf_00088.png
1376703,leaf,89,1376703_leaf_00089.png
1376703,leaf,90,1376703_leaf_00090.png
1376703,leaf,91,1376703_leaf_00091.png
1376703,leaf,92,1376703_leaf_00092.png
1376703,leaf,93,1376703_leaf_00093.png
1376703,leaf,94,1376703_leaf_00094.png
1376703,leaf,95,1376703_leaf_00095.png
1376703,leaf,96,1376703_leaf_00096.png
1376703,leaf,97,1376703_leaf_00097.png
1376703,leaf,98,1376703_leaf_00098.png
1376703,leaf,99,1376703_leaf_00099.png
1376703,leaf,100,1376703_leaf_00100.png
1376703,leaf,101,1376703_leaf_00101.png
1376703,leaf,102,1376703_leaf_00102.png
1376703,leaf,103,1376703_leaf_00103.png
1376703,leaf,104,1376703_leaf_00104.png
1376703,leaf,105,1376703_leaf_00105.png
1376703,leaf,106,1376703_leaf_00106.png
1376703,leaf,107,1376703_leaf_00107.png
1376703,leaf,108,1376703_leaf_00108.png
1376703,leaf,109,1376703_leaf_00109.png
1376703,leaf,110,1376703_leaf_00110.png
1376703,leaf,111,1376703_leaf_00111.png
1376703,leaf,112,1376703_leaf_00112.png
1376703,leaf,113,1376703_leaf_00113.png
1376703,leaf,114,1376703_leaf_00114.png
1376703,leaf,115,1376703_leaf_00115.png
1376703,leaf,116,1376703_leaf_00116.png
1376703,leaf,117,1376703_leaf_00117.png
1376703,leaf,118,1376703_leaf_00118.png
1376703,leaf,119,1376703_leaf_00119.png
1376703,leaf,120,1376703_leaf_00120.png
1376703,leaf,121,1376703_leaf_00121.png
1376703,leaf,122,1376703_leaf_00122.png
1376703,leaf,123,1376703_leaf_00123.png
1376703,leaf,124,1376703_leaf_00124.png
1376703,leaf,125,1376703_leaf_00125.png
1376703,leaf,126,1376703_leaf_00126.png
1376703,leaf,127,1376703_leaf_00127.png
1376703,leaf,128,1376703_leaf_00128.png
1376703,leaf,129,1376703_leaf_00129.png
1376703,leaf,130,1376703_leaf_00130.png
1376703,leaf,131,1376703_leaf_00131.png
1376703,leaf,132,1376703_leaf_00132.png
1376703,leaf,133,1376703_leaf_00133.png
1376703,leaf,134,1376703_leaf_00134.png
1376703,leaf,135,1376703_leaf_00135.png
1376703,leaf,136,1376703_leaf_00136.png
1376703,leaf,137,1376703_leaf_00137.png
1376703,leaf,138,1376703_leaf_00138.png
1376703,leaf,139,1376703_leaf_00139.png
1376703,leaf,140,1376703_leaf_00140.png
1376703,leaf,141,1376703_leaf_00141.png
1376703,leaf,142,1376703_leaf_00142.png
1376703,leaf,143,1376703_leaf_00143.png
1376703,leaf,144,1376703_leaf_00144.png
1376703,leaf,145,1376703_leaf_00145.png
1376703,leaf,146,1376703_leaf_00146.png
1376703,leaf,147,1376703_leaf_00147.png
1376703,leaf,148,1376703_leaf_00148.png
1376703,leaf,149,1376703_leaf_00149.png
1376703,leaf,150,1376703_leaf_00150.png
1376703,leaf,151,1376703_leaf_00151.png
1376703,leaf,152,1376703_leaf_00152.png
1376703,leaf,153,1376703_leaf_00153.png
1376703,leaf,154,1376703_leaf_00154.png
1376703,leaf,155,1376703_leaf_00155.png
1376703,leaf,156,1376703_leaf_00156.png
1376703,leaf,157,1376703_leaf_00157.png
1376703,leaf,158,1376703_leaf_00158.png
1376703,leaf,159,1376703_leaf_00159.png
1376703,leaf,160,1376703_leaf_00160.png
1376703,leaf,161,1376703_leaf_00161.png
1376703,leaf,162,1376703_leaf_00162.png
1376703,leaf,163,1376703_leaf_00163.png
1376703,leaf,164,1376703_leaf_00164.png
1376703,leaf,165,1376703_leaf_00165.png
1376703,leaf,166,1376703_leaf_00166.png
1376703,leaf,167,1376703_leaf_00167.png
1376703,leaf,168,1376703_leaf_00168.png
1376703,leaf,169,1376703_leaf_00169.png
1376703,leaf,170,1376703_leaf_00170.png
1376703,leaf,171,1376703_leaf_00171.png
1409195,flower,0,1409195_flower_00000.png
1409195,flower,1,1409195_flower_00001.png
1409195,flower,2,1409195_flower_00002.png
1409195,flower,3,1409195_flower_00003.png
1409195,flower,4,1409195_flower_00004.png
1409195,flower,5,1409195_flower_00005.png
1409195,flower,6,1409195_flower_00006.png
1409195,flower,7,1409195_flower_00007.png
1409195,flower,8,1409195_flower_00008.png
1409195,flower,9,1409195_flower_00009.png
1409195,flower,10,1409195_flower_00010.png
1409195,flower,11,1409195_flower_00011.png
1409195,flower,12,1409195_flower_00012.png
1409195,flower,13,1409195_flower_00013.png
1409195,flower,14,1409195_flower_00014.png
1409195,flower,15,1409195_flower_00015.png
1409195,flower,16,1409195_flower_00016.png
1409195,flower,17,1409195_flower_00017.png
1409195,flower,18,1409195_flower_00018.png
1409195,flower,19,1409195_flower_00019.png
1409195,flower,20,1409195_flower_00020.png
1409195,flower,21,1409195_flower_00021.png
1409195,flower,22,1409195_flower_00022.png
1409195,flower,23,1409195_flower_00023.png
1409195,flower,24,1409195_flower_00024.png
1409195,flower,25,1409195_flower_00025.png
1409195,flower,26,1409195_flower_00026.png
1409195,flower,27,1409195_flower_00027.png
1409195,flower,28,1409195_flower_00028.png
1409195,flower,29,1409195_flower_00029.png
1409195,flower,30,1409195_flower_00030.png
1409195,flower,31,1409195_flower_00031.png
1409195,flower,32,1409195_flower_00032.png
1409195,flower,33,1409195_flower_00033.png
1409195,flower,34,1409195_flower_00034.png
1409195,flower,35,1409195_flower_00035.png
1409195,flower,36,1409195_flower_00036.png
1409195,flower,37,1409195_flower_00037.png
1409195,flower,38,1409195_flower_00038.png
1409195,flower,39,1409195_flower_00039.png
1409195,leaf,40,1409195_leaf_00040.png
1409195,leaf,41,1409195_leaf_00041.png
1409195,leaf,42,1409195_leaf_00042.png
1409195,leaf,43,1409195_leaf_00043.png
1409195,leaf,44,1409195_leaf_00044.png
1409195,leaf,45,1409195_leaf_00045.png
1409195,leaf,46,1409195_leaf_00046.png
1409195,leaf,47,1409195_leaf_00047.png
1409195,leaf,48,1409195_leaf_00048.png
1409195,leaf,49,1409195_leaf_00049.png
1409195,leaf,50,1409195_leaf_00050.png
1409195,leaf,51,1409195_leaf_00051.png
1409195,leaf,52,1409195_leaf_00052.png
1409195,leaf,53,1409195_leaf_00053.png
1409195,leaf,54,1409195_leaf_00054.png
1409195,leaf,55,1409195_leaf_00055.png
1409195,leaf,56,1409195_leaf_00056.png
1409195,leaf,57,1409195_leaf_00057.png
1409195,leaf,58,1409195_leaf_00058.png
1409195,leaf,59,1409195_leaf_00059.png
1409195,leaf,60,1409195_leaf_00060.png
1409195,leaf,61,1409195_leaf_00061.png
1409195,leaf,62,1409195_leaf_00062.png
1409195,leaf,63,1409195_leaf_00063.png
1409195,leaf,64,1409195_leaf_00064.png
1409195,leaf,65,1409195_leaf_00065.png
1409195,leaf,66,1409195_leaf_00066.png
1409195,leaf,67,1409195_leaf_00067.png
1409195,leaf,68,1409195_leaf_00068.png
1409195,leaf,69,1409195_leaf_00069.png
1409195,leaf,70,1409195_leaf_00070.png
1409195,leaf,71,1409195_leaf_00071.png
1409195,leaf,72,1409195_leaf_00072.png
1409195,leaf,73,1409195_leaf_00073.png
1409195,leaf,74,1409195_leaf_00074.png
1409195,leaf,75,1409195_leaf_00075.png
1409195,leaf,76,1409195_leaf_00076.png
1409195,leaf,77,1409195_leaf_00077.png
1409195,leaf,78,1409195_leaf_00078.png
1409195,leaf,79,1409195_leaf_00079.png
1409195,leaf,80,1409195_leaf_00080.png
1409195,leaf,81,1409195_leaf_00081.png
1409195,leaf,82,1409195_leaf_00082.png
1409195,leaf,83,1409195_leaf_00083.png
1409195,leaf,84,1409195_leaf_00084.png
1409195,leaf,85,1409195_leaf_00085.png
1409195,leaf,86,1409195_leaf_00086.png
1409195,leaf,87,1409195_leaf_00087.png
1409195,leaf,88,1409195_leaf_00088.png
1409195,leaf,89,1409195_leaf_00089.png
1409195,leaf,90,1409195_leaf_00090.png
1409195,leaf,91,1409195_leaf_00091.png
1409195,leaf,92,1409195_leaf_00092.png
1409195,leaf,93,1409195_leaf_00093.png
1409195,leaf,94,1409195_leaf_00094.png
1409195,leaf,95,1409195_leaf_00095.png
1409195,leaf,96,1409195_leaf_00096.png
1409195,leaf,97,1409195_leaf_00097.png
1409195,leaf,98,1409195_leaf_00098.png
1409195,leaf,99,1409195_leaf_00099.png
1409195,leaf,100,1409195_leaf_00100.png
1409195,leaf,101,1409195_leaf_00101.png
1409195,leaf,102,1409195_leaf_00102.png
1409195,leaf,103,1409195_leaf_00103.png
1409195,leaf,104,1409195_leaf_00104.png
1409195,leaf,105,1409195_leaf_00105.png
1409195,leaf,106,1409195_leaf_00106.png
1409195,leaf,107,1409195_leaf_00107.png
1409195,leaf,108,1409195_leaf_00108.png
1409195,leaf,109,1409195_leaf_00109.png
1409195,leaf,110,1409195_leaf_00110.png
1409195,leaf,111,1409195_leaf_00111.png
1409195,leaf,112,1409195_leaf_00112.png
1409195,leaf,113,1409195_leaf_00113.png
1409195,leaf,114,1409195_leaf_00114.png
1409195,leaf,115,1409195_leaf_00115.png
1409195,leaf,116,1409195_leaf_00116.png
1409195,leaf,117,1409195_leaf_00117.png
1409195,leaf,118,1409195_leaf_00118.png
1409195,leaf,119,1409195_leaf_00119.png
1409195,leaf,120,1409195_leaf_00120.png
1409195,leaf,121,1409195_leaf_00121.png
1409195,leaf,122,1409195_leaf_00122.png
1409195,leaf,123,1409195_leaf_00123.png
1409195,leaf,124,1409195_leaf_00124.png
1409195,leaf,125,1409195_leaf_00125.png
1409195,leaf,126,1409195_leaf_00126.png
1409195,leaf,127,1409195_leaf_00127.png
1409195,leaf,128,1409195_leaf_00128.png
1409195,leaf,129,1409195_leaf_00129.png
1409195,leaf,130,1409195_leaf_00130.png
1409195,leaf,131,1409195_leaf_00131.png
1409195,leaf,132,1409195_leaf_00132.png
1409195,leaf,133,1409195_leaf_00133.png
1409195,leaf,134,1409195_leaf_00134.png
1409195,leaf,135,1409195_leaf_00135.png
1409195,leaf,136,1409195_leaf_00136.png
1409195,leaf,137,1409195_leaf_00137.png
1409195,leaf,138,1409195_leaf_00138.png
1409195,leaf,139,1409195_leaf_00139.png
1409195,leaf,140,1409195_leaf_00140.png
1409195,leaf,141,1409195_leaf_00141.png
1409195,leaf,142,1409195_leaf_00142.png
1409195,leaf,143,1409195_leaf_00143.png
1409195,leaf,144,1409195_leaf_00144.png
1409195,leaf,145,1409195_leaf_00145.png
1409195,leaf,146,1409195_leaf_00146.png
1409195,leaf,147,1409195_leaf_00147.png
1409195,leaf,148,1409195_leaf_00148.png
1409195,leaf,149,1409195_leaf_00149.png
1409195,leaf,150,1409195_leaf_00150.png
1409195,leaf,151,1409195_leaf_00151.png
1409195,leaf,152,1409195_leaf_00152.png
1409195,leaf,153,1409195_leaf_00153.png
1409195,leaf,154,1409195_leaf_00154.png
1409195,leaf,155,1409195_leaf_00155.png
1409195,leaf,156,1409195_leaf_00156.png
1409195,leaf,157,1409195_leaf_00157.png
1409195,leaf,158,1409195_leaf_00158.png
1409195,leaf,159,1409195_leaf_00159.png
1409195,leaf,160,1409195_leaf_00160.png
1409195,leaf,161,1409195_leaf_00161.png
1409195,leaf,162,1409195_leaf_00162.png
1409195,leaf,163,1409195_leaf_00163.png
1409195,leaf,164,1409195_leaf_00164.png
1409195,leaf,165,1409195_leaf_00165.png
1409195,leaf,166,1409195_leaf_00166.png
1408557,flower,0,1408557_flower_00000.png
1408557,flower,1,1408557_flower_00001.png
1408557,flower,2,1408557_flower_00002.png
1408557,flower,3,1408557_flower_00003.png
1408557,flower,4,1408557_flower_00004.png
1408557,flower,5,1408557_flower_00005.png
1408557,flower,6,1408557_flower_00006.png
1408557,flower,7,1408557_flower_00007.png
1408557,flower,8,1408557_flower_00008.png
1408557,flower,9,1408557_flower_00009.png
1408557,flower,10,1408557_flower_00010.png
1408557,flower,11,1408557_flower_00011.png
1408557,flower,12,1408557_flower_00012.png
1408557,flower,13,1408557_flower_00013.png
1408557,flower,14,1408557_flower_00014.png
1408557,flower,15,1408557_flower_00015.png
1408557,flower,16,1408557_flower_00016.png
1408557,flower,17,1408557_flower_00017.png
1408557,flower,18,1408557_flower_00018.png
1408557,flower,19,1408557_flower_00019.png
1408557,flower,20,1408557_flower_00020.png
1408557,flower,21,1408557_flower_00021.png
1408557,flower,22,1408557_flower_00022.png
1408557,flower,23,1408557_flower_00023.png
1408557,flower,24,1408557_flower_00024.png
1408557,flower,25,1408557_flower_00025.png
1408557,flower,26,1408557_flower_00026.png
1408557,flower,27,1408557_flower_00027.png
1408557,flower,28,1408557_flower_00028.png
1408557,flower,29,1408557_flower_00029.png
1408557,flower,30,1408557_flower_00030.png
1408557,flower,31,1408557_flower_00031.png
1408557,flower,32,1408557_flower_00032.png
1408557,flower,33,1408557_flower_00033.png
1408557,flower,34,1408557_flower_00034.png
1408557,flower,35,1408557_flower_00035.png
1408557,flower,36,1408557_flower_00036.png
1408557,flower,37,1408557_flower_00037.png
1408557,flower,38,1408557_flower_00038.png
1408557,flower,39,1408557_flower_00039.png
1408557,flower,40,1408557_flower_00040.png
1408557,flower,41,1408557_flower_00041.png
1408557,flower,42,1408557_flower_00042.png
1408557,flower,43,1408557_flower_00043.png
1408557,flower,44,1408557_flower_00044.png
1408557,flower,45,1408557_flower_00045.png
1408557,flower,46,1408557_flower_00046.png
1408557,flower,47,1408557_flower_00047.png
1408557,flower,48,1408557_flower_00048.png
1408557,flower,49,1408557_flower_00049.png
1408557,leaf,50,1408557_leaf_00050.png
1408557,leaf,51,1408557_leaf_00051.png
1408557,leaf,52,1408557_leaf_00052.png
1408557,leaf,53,1408557_leaf_00053.png
1408557,leaf,54,1408557_leaf_00054.png
1408557,leaf,55,1408557_leaf_00055.png
1408557,leaf,56,1408557_leaf_00056.png
1408557,leaf,57,1408557_leaf_00057.png
1408557,leaf,58,1408557_leaf_00058.png
1408557,leaf,59,1408557_leaf_00059.png
1408557,leaf,60,1408557_leaf_00060.png
1408557,leaf,61,1408557_leaf_00061.png
1408557,leaf,62,1408557_leaf_00062.png
1408557,leaf,63,1408557_leaf_00063.png
1408557,leaf,64,1408557_leaf_00064.png
1408557,leaf,65,1408557_leaf_00065.png
1408557,leaf,66,1408557_leaf_00066.png
1408557,leaf,67,1408557_leaf_00067.png
1408557,leaf,68,1408557_leaf_00068.png
1408557,leaf,69,1408557_leaf_00069.png
1408557,leaf,70,1408557_leaf_00070.png
1408557,leaf,71,1408557_leaf_00071.png
1408557,leaf,72,1408557_leaf_00072.png
1408557,leaf,73,1408557_leaf_00073.png
1408557,leaf,74,1408557_leaf_00074.png
1408557,leaf,75,1408557_leaf_00075.png
1408557,leaf,76,1408557_leaf_00076.png
1408557,leaf,77,1408557_leaf_00077.png
1408557,leaf,78,1408557_leaf_00078.png
1408557,leaf,79,1408557_leaf_00079.png
1408557,leaf,80,1408557_leaf_00080.png
1408557,leaf,81,1408557_leaf_00081.png
1408557,leaf,82,1408557_leaf_00082.png
1408557,leaf,83,1408557_leaf_00083.png
1408557,leaf,84,1408557_leaf_00084.png
1408557,leaf,85,1408557_leaf_00085.png
1408557,leaf,86,1408557_leaf_00086.png
1408557,leaf,87,1408557_leaf_00087.png
1408557,leaf,88,1408557_leaf_00088.png
1408557,leaf,89,1408557_leaf_00089.png
1408557,leaf,90,1408557_leaf_00090.png
1408557,leaf,91,1408557_leaf_00091.png
1408557,leaf,92,1408557_leaf_00092.png
1408557,leaf,93,1408557_leaf_00093.png
1408557,leaf,94,1408557_leaf_00094.png
1408557,leaf,95,1408557_leaf_00095.png
1408557,leaf,96,1408557_leaf_00096.png
1408557,leaf,97,1408557_leaf_00097.png
1408557,leaf,98,1408557_leaf_00098.png
1408557,leaf,99,1408557_leaf_00099.png
1408557,leaf,100,1408557_leaf_00100.png
1408557,leaf,101,1408557_leaf_00101.png
1408557,leaf,102,1408557_leaf_00102.png
1408557,leaf,103,1408557_leaf_00103.png
1408557,leaf,104,1408557_leaf_00104.png
1408557,leaf,105,1408557_leaf_00105.png
1408557,leaf,106,1408557_leaf_00106.png
1408557,leaf,107,1408557_leaf_00107.png
1408557,leaf,108,1408557_leaf_00108.png
1408557,leaf,109,1408557_leaf_00109.png
1408557,leaf,110,1408557_leaf_00110.png
1408557,leaf,111,1408557_leaf_00111.png
1408557,leaf,112,1408557_leaf_00112.png
1408557,leaf,113,1408557_leaf_00113.png
1408557,leaf,114,1408557_leaf_00114.png
1408557,leaf,115,1408557_leaf_00115.png
1408557,leaf,116,1408557_leaf_00116.png
1408557,leaf,117,1408557_leaf_00117.png
1408557,leaf,118,1408557_leaf_00118.png
1408557,leaf,119,1408557_leaf_00119.png
1408557,leaf,120,1408557_leaf_00120.png
1408557,leaf,121,1408557_leaf_00121.png
1408557,leaf,122,1408557_leaf_00122.png
1408557,leaf,123,1408557_leaf_00123.png
1408557,leaf,124,1408557_leaf_00124.png
1408557,leaf,125,1408557_leaf_00125.png
1408557,leaf,126,1408557_leaf_00126.png
1408557,leaf,127,1408557_leaf_00127.png
1408557,leaf,128,1408557_leaf_00128.png
1408557,leaf,129,1408557_leaf_00129.png
1408557,leaf,130,1408557_leaf_00130.png
1408557,leaf,131,1408557_leaf_00131.png
1408557,leaf,132,1408557_leaf_00132.png
1408557,leaf,133,1408557_leaf_00133.png
1408557,leaf,134,1408557_leaf_00134.png
1408557,leaf,135,1408557_leaf_00135.png
1408557,leaf,136,1408557_leaf_00136.png
1408557,leaf,137,1408557_leaf_00137.png
1408557,leaf,138,1408557_leaf_00138.png
1408557,leaf,139,1408557_leaf_00139.png
1408557,leaf,140,1408557_leaf_00140.png
1408557,leaf,141,1408557_leaf_00141.png
1408557,leaf,142,1408557_leaf_00142.png
1408557,leaf,143,1408557_leaf_00143.png
1408557,leaf,144,1408557_leaf_00144.png
1408557,leaf,145,1408557_leaf_00145.png
1408557,leaf,146,1408557_leaf_00146.png
1408557,leaf,147,1408557_leaf_00147.png
1408557,leaf,148,1408557_leaf_00148.png
1408557,leaf,149,1408557_leaf_00149.png
1408557,leaf,150,1408557_leaf_00150.png
1408557,leaf,151,1408557_leaf_00151.png
1408557,leaf,152,1408557_leaf_00152.png
1408557,leaf,153,1408557_leaf_00153.png
1408557,leaf,154,1408557_leaf_00154.png
1408557,leaf,155,1408557_leaf_00155.png
1408557,leaf,156,1408557_leaf_00156.png
1408557,leaf,157,1408557_leaf_00157.png
1408557,leaf,158,1408557_leaf_00158.png
1408557,leaf,159,1408557_leaf_00159.png
1408557,leaf,160,1408557_leaf_00160.png
1408557,leaf,161,1408557_leaf_00161.png
1408557,leaf,162,1408557_leaf_00162.png
1408557,leaf,163,1408557_leaf_00163.png
1406486,flower,0,1406486_flower_00000.png
1406486,flower,1,1406486_flower_00001.png
1406486,flower,2,1406486_flower_00002.png
1406486,flower,3,1406486_flower_00003.png
1406486,flower,4,1406486_flower_00004.png
1406486,flower,5,1406486_flower_00005.png
1406486,flower,6,1406486_flower_00006.png
1406486,flower,7,1406486_flower_00007.png
1406486,flower,8,1406486_flower_00008.png
1406486,flower,9,1406486_flower_00009.png
1406486,flower,10,1406486_flower_00010.png
1406486,flower,11,1406486_flower_00011.png
1406486,flower,12,1406486_flower_00012.png
1406486,flower,13,1406486_flower_00013.png
1406486,flower,14,1406486_flower_00014.png
1406486,flower,15,1406486_flower_00015.png
1406486,flower,16,1406486_flower_00016.png
1406486,flower,17,1406486_flower_00017.png
1406486,flower,18,1406486_flower_00018.png
1406486,flower,19,1406486_flower_00019.png
1406486,flower,20,1406486_flower_00020.png
1406486,flower,21,1406486_flower_00021.png
1406486,flower,22,1406486_flower_00022.png
1406486,flower,23,1406486_flower_00023.png
1406486,flower,24,1406486_flower_00024.png
1406486,flower,25,1406486_flower_00025.png
1406486,flower,26,1406486_flower_00026.png
1406486,flower,27,1406486_flower_00027.png
1406486,flower,28,1406486_flower_00028.png
1406486,flower,29,1406486_flower_00029.png
1406486,flower,30,1406486_flower_00030.png
1406486,flower,31,1406486_flower_00031.png
1406486,flower,32,1406486_flower_00032.png
1406486,flower,33,1406486_flower_00033.png
1406486,flower,34,1406486_flower_00034.png
1406486,flower,35,1406486_flower_00035.png
1406486,flower,36,1406486_flower_00036.png
1406486,flower,37,1406486_flower_00037.png
1406486,flower,38,1406486_flower_00038.png
1406486,flower,39,1406486_flower_00039.png
1406486,flower,40,1406486_flower_00040.png
1406486,flower,41,1406486_flower_00041.png
1406486,flower,42,1406486_flower_00042.png
1406486,flower,43,1406486_flower_00043.png
1406486,flower,44,1406486_flower_00044.png
1406486,flower,45,1406486_flower_00045.png
1406486,flower,46,1406486_flower_00046.png
1406486,flower,47,1406486_flower_00047.png
1406486,flower,48,1406486_flower_00048.png
1406486,flower,49,1406486_flower_00049.png
1406486,flower,50,1406486_flower_00050.png
1406486,flower,51,1406486_flower_00051.png
1406486,flower,52,1406486_flower_00052.png
1406486,flower,53,1406486_flower_00053.png
1406486,flower,54,1406486_flower_00054.png
1406486,flower,55,1406486_flower_00055.png
1406486,flower,56,1406486_flower_00056.png
1406486,flower,57,1406486_flower_00057.png
1406486,flower,58,1406486_flower_00058.png
1406486,flower,59,1406486_flower_00059.png
1406486,flower,60,1406486_flower_00060.png
1406486,flower,61,1406486_flower_00061.png
1406486,flower,62,1406486_flower_00062.png
1406486,flower,63,1406486_flower_00063.png
1406486,flower,64,1406486_flower_00064.png
1406486,flower,65,1406486_flower_00065.png
1406486,flower,66,1406486_flower_00066.png
1406486,flower,67,1406486_flower_00067.png
1406486,flower,68,1406486_flower_00068.png
1406486,flower,69,1406486_flower_00069.png
1406486,leaf,70,1406486_leaf_00070.png
1406486,leaf,71,1406486_leaf_00071.png
1406486,leaf,72,1406486_leaf_00072.png
1406486,leaf,73,1406486_leaf_00073.png
1406486,leaf,74,1406486_leaf_00074.png
1406486,leaf,75,1406486_leaf_00075.png
1406486,leaf,76,1406486_leaf_00076.png
1406486,leaf,77,1406486_leaf_00077.png
1406486,leaf,78,1406486_leaf_00078.png
1406486,leaf,79,1406486_leaf_00079.png
1406486,leaf,80,1406486_leaf_00080.png
1406486,leaf,81,1406486_leaf_00081.png
1406486,leaf,82,1406486_leaf_00082.png
1406486,leaf,83,1406486_leaf_00083.png
1406486,leaf,84,1406486_leaf_00084.png
1406486,leaf,85,1406486_leaf_00085.png
1406486,leaf,86,1406486_leaf_00086.png
1406486,leaf,87,1406486_leaf_00087.png
1406486,leaf,88,1406486_leaf_00088.png
1406486,leaf,89,1406486_leaf_00089.png
1406486,leaf,90,1406486_leaf_00090.png
1406486,leaf,91,1406486_leaf_00091.png
1406486,leaf,92,1406486_leaf_00092.png
1406486,leaf,93,1406486_leaf_00093.png
1406486,leaf,94,1406486_leaf_00094.png
1406486,leaf,95,1406486_leaf_00095.png
1406486,leaf,96,1406486_leaf_00096.png
1406486,leaf,97,1406486_leaf_00097.png
1406486,leaf,98,1406486_leaf_00098.png
1406486,leaf,99,1406486_leaf_00099.png
1406486,leaf,100,1406486_leaf_00100.png
1406486,leaf,101,1406486_leaf_00101.png
1406486,leaf,102,1406486_leaf_00102.png
1406486,leaf,103,1406486_leaf_00103.png
1406486,leaf,104,1406486_leaf_00104.png
1406486,leaf,105,1406486_leaf_00105.png
1406486,leaf,106,1406486_leaf_00106.png
1406486,leaf,107,1406486_leaf_00107.png
1406486,leaf,108,1406486_leaf_00108.png
1406486,leaf,109,1406486_leaf_00109.png
1406486,leaf,110,1406486_leaf_00110.png
1406486,leaf,111,1406486_leaf_00111.png
1406486,leaf,112,1406486_leaf_00112.png
1406486,leaf,113,1406486_leaf_00113.png
1406486,leaf,114,1406486_leaf_00114.png
1406486,leaf,115,1406486_leaf_00115.png
1406486,leaf,116,1406486_leaf_00116.png
1406486,leaf,117,1406486_leaf_00117.png
1406486,leaf,118,1406486_leaf_00118.png
1406486,leaf,119,1406486_leaf_00119.png
1406486,leaf,120,1406486_leaf_00120.png
1406486,leaf,121,1406486_leaf_00121.png
1406486,leaf,122,1406486_leaf_00122.png
1406486,leaf,123,1406486_leaf_00123.png
1406486,leaf,124,1406486_leaf_00124.png
1406486,leaf,125,1406486_leaf_00125.png
1406486,leaf,126,1406486_leaf_00126.png
1406486,leaf,127,1406486_leaf_00127.png
1406486,leaf,128,1406486_leaf_00128.png
1406486,leaf,129,1406486_leaf_00129.png
1406486,leaf,130,1406486_leaf_00130.png
1406486,leaf,131,1406486_leaf_00131.png
1406486,leaf,132,1406486_leaf_00132.png
1406486,leaf,133,1406486_leaf_00133.png
1406486,leaf,134,1406486_leaf_00134.png
1406486,leaf,135,1406486_leaf_00135.png
1406486,leaf,136,1406486_leaf_00136.png
1406486,leaf,137,1406486_leaf_00137.png
1406486,leaf,138,1406486_leaf_00138.png
1406486,leaf,139,1406486_leaf_00139.png
1406486,leaf,140,1406486_leaf_00140.png
1406486,leaf,141,1406486_leaf_00141.png
1406486,leaf,142,1406486_leaf_00142.png
1406486,leaf,143,1406486_leaf_00143.png
1406486,leaf,144,1406486_leaf_00144.png
1406486,leaf,145,1406486_leaf_00145.png
1406486,leaf,146,1406486_leaf_00146.png
1406486,leaf,147,1406486_leaf_00147.png
1406486,leaf,148,1406486_leaf_00148.png
1406486,leaf,149,1406486_leaf_00149.png
1406486,leaf,150,1406486_leaf_00150.png
1406486,leaf,151,1406486_leaf_00151.png
1406486,leaf,152,1406486_leaf_00152.png
1406486,leaf,153,1406486_leaf_00153.png
1406486,leaf,154,1406486_leaf_00154.png
1406486,leaf,155,1406486_leaf_00155.png
1406486,leaf,156,1406486_leaf_00156.png
1406486,leaf,157,1406486_leaf_00157.png
1406486,leaf,158,1406486_leaf_00158.png
1406486,leaf,159,1406486_leaf_00159.png
1406486,leaf,160,1406486_leaf_00160.png
1406486,leaf,161,1406486_leaf_00161.png
1406486,leaf,162,1406486_leaf_00162.png
1420787,flower,0,1420787_flower_00000.png
1420787,flower,1,1420787_flower_00001.png
1420787,flower,2,1420787_flower_00002.png
1420787,flower,3,1420787_flower_00003.png
1420787,flower,4,1420787_flower_00004.png
1420787,flower,5,1420787_flower_00005.png
1420787,flower,6,1420787_flower_00006.png
1420787,flower,7,1420787_flower_00007.png
1420787,flower,8,1420787_flower_00008.png
1420787,flower,9,1420787_flower_00009.png
1420787,flower,10,1420787_flower_00010.png
1420787,flower,11,1420787_flower_00011.png
1420787,flower,12,1420787_flower_00012.png
1420787,flower,13,1420787_flower_00013.png
1420787,flower,14,1420787_flower_00014.png
1420787,flower,15,1420787_flower_00015.png
1420787,flower,16,1420787_flower_00016.png
1420787,flower,17,1420787_flower_00017.png
1420787,flower,18,1420787_flower_00018.png
1420787,flower,19,1420787_flower_00019.png
1420787,flower,20,1420787_flower_00020.png
1420787,flower,21,1420787_flower_00021.png
1420787,flower,22,1420787_flower_00022.png
1420787,flower,23,1420787_flower_00023.png
1420787,flower,24,1420787_flower_00024.png
1420787,flower,25,1420787_flower_00025.png
1420787,flower,26,1420787_flower_00026.png
1420787,flower,27,1420787_flower_00027.png
1420787,flower,28,1420787_flower_00028.png
1420787,flower,29,1420787_flower_00029.png
1420787,leaf,30,1420787_leaf_00030.png
1420787,leaf,31,1420787_leaf_00031.png
1420787,leaf,32,1420787_leaf_00032.png
1420787,leaf,33,1420787_leaf_00033.png
1420787,leaf,34,1420787_leaf_00034.png
1420787,leaf,35,1420787_leaf_00035.png
1420787,leaf,36,1420787_leaf_00036.png
1420787,leaf,37,1420787_leaf_00037.png
1420787,leaf,38,1420787_leaf_00038.png
1420787,leaf,39,1420787_leaf_00039.png
1420787,leaf,40,1420787_leaf_00040.png
1420787,leaf,41,1420787_leaf_00041.png
1420787,leaf,42,1420787_leaf_00042.png
1420787,leaf,43,1420787_leaf_00043.png
1420787,leaf,44,1420787_leaf_00044.png
1420787,leaf,45,1420787_leaf_00045.png
1420787,leaf,46,1420787_leaf_00046.png
1420787,leaf,47,1420787_leaf_00047.png
1420787,leaf,48,1420787_leaf_00048.png
1420787,leaf,49,1420787_leaf_00049.png
1420787,leaf,50,1420787_leaf_00050.png
1420787,leaf,51,1420787_leaf_00051.png
1420787,leaf,52,1420787_leaf_00052.png
1420787,leaf,53,1420787_leaf_00053.png
1420787,leaf,54,1420787_leaf_00054.png
1420787,leaf,55,1420787_leaf_00055.png
1420787,leaf,56,1420787_leaf_00056.png
1420787,leaf,57,1420787_leaf_00057.png
1420787,leaf,58,1420787_leaf_00058.png
1420787,leaf,59,1420787_leaf_00059.png
1420787,leaf,60,1420787_leaf_00060.png
1420787,leaf,61,1420787_leaf_00061.png
1420787,leaf,62,1420787_leaf_00062.png
1420787,leaf,63,1420787_leaf_00063.png
1420787,leaf,64,1420787_leaf_00064.png
1420787,leaf,65,1420787_leaf_00065.png
1420787,leaf,66,1420787_leaf_00066.png
1420787,leaf,67,1420787_leaf_00067.png
1420787,leaf,68,1420787_leaf_00068.png
1420787,leaf,69,1420787_leaf_00069.png
1420787,leaf,70,1420787_leaf_00070.png
1420787,leaf,71,1420787_leaf_00071.png
1420787,leaf,72,1420787_leaf_00072.png
1420787,leaf,73,1420787_leaf_00073.png
1420787,leaf,74,1420787_leaf_00074.png
1420787,leaf,75,1420787_leaf_00075.png
1420787,leaf,76,1420787_leaf_00076.png
1420787,leaf,77,1420787_leaf_00077.png
1420787,leaf,78,1420787_leaf_00078.png
1420787,leaf,79,1420787_leaf_00079.png
1420787,leaf,80,1420787_leaf_00080.png
1420787,leaf,81,1420787_leaf_00081.png
1420787,leaf,82,1420787_leaf_00082.png
1420787,leaf,83,1420787_leaf_00083.png
1420787,leaf,84,1420787_leaf_00084.png
1420787,leaf,85,1420787_leaf_00085.png
1420787,leaf,86,1420787_leaf_00086.png
1420787,leaf,87,1420787_leaf_00087.png
1420787,leaf,88,1420787_leaf_00088.png
1420787,leaf,89,1420787_leaf_00089.png
1420787,leaf,90,1420787_leaf_00090.png
1420787,leaf,91,1420787_leaf_00091.png
1420787,leaf,92,1420787_leaf_00092.png
1420787,leaf,93,1420787_leaf_00093.png
1420787,leaf,94,1420787_leaf_00094.png
1420787,leaf,95,1420787_leaf_00095.png
1420787,leaf,96,1420787_leaf_00096.png
1420787,leaf,97,1420787_leaf_00097.png
1420787,leaf,98,1420787_leaf_00098.png
1420787,leaf,99,1420787_leaf_00099.png
1420787,leaf,100,1420787_leaf_00100.png
1420787,leaf,101,1420787_leaf_00101.png
1420787,leaf,102,1420787_leaf_00102.png
1420787,leaf,103,1420787_leaf_00103.png
1420787,leaf,104,1420787_leaf_00104.png
1420787,leaf,105,1420787_leaf_00105.png
1420787,leaf,106,1420787_leaf_00106.png
1420787,leaf,107,1420787_leaf_00107.png
1420787,leaf,108,1420787_leaf_00108.png
1420787,leaf,109,1420787_leaf_00109.png
1420787,leaf,110,1420787_leaf_00110.png
1420787,leaf,111,1420787_leaf_00111.png
1420787,leaf,112,1420787_leaf_00112.png
1420787,leaf,113,1420787_leaf_00113.png
1420787,leaf,114,1420787_leaf_00114.png
1420787,leaf,115,1420787_leaf_00115.png
1420787,leaf,116,1420787_leaf_00116.png
1420787,leaf,117,1420787_leaf_00117.png
1420787,leaf,118,1420787_leaf_00118.png
1420787,leaf,119,1420787_leaf_00119.png
1420787,leaf,120,1420787_leaf_00120.png
1420787,leaf,121,1420787_leaf_00121.png
1420787,leaf,122,1420787_leaf_00122.png
1420787,leaf,123,1420787_leaf_00123.png
1420787,leaf,124,1420787_leaf_00124.png
1420787,leaf,125,1420787_leaf_00125.png
1420787,leaf,126,1420787_leaf_00126.png
1420787,leaf,127,1420787_leaf_00127.png
1420787,leaf,128,1420787_leaf_00128.png
1420787,leaf,129,1420787_leaf_00129.png
1420787,leaf,130,1420787_leaf_00130.png
1420787,leaf,131,1420787_leaf_00131.png
1420787,leaf,132,1420787_leaf_00132.png
1420787,leaf,133,1420787_leaf_00133.png
1420787,leaf,134,1420787_leaf_00134.png
1420787,leaf,135,1420787_leaf_00135.png
1420787,leaf,136,1420787_leaf_00136.png
1420787,leaf,137,1420787_leaf_00137.png
1420787,leaf,138,1420787_leaf_00138.png
1420787,leaf,139,1420787_leaf_00139.png
1420787,leaf,140,1420787_leaf_00140.png
1420787,leaf,141,1420787_leaf_00141.png
1420787,leaf,142,1420787_leaf_00142.png
1420787,leaf,143,1420787_leaf_00143.png
1420787,leaf,144,1420787_leaf_00144.png
1420787,leaf,145,1420787_leaf_00145.png
1420787,leaf,146,1420787_leaf_00146.png
1420787,leaf,147,1420787_leaf_00147.png
1420787,leaf,148,1420787_leaf_00148.png
1420787,leaf,149,1420787_leaf_00149.png
1420787,leaf,150,1420787_leaf_00150.png
1420787,leaf,151,1420787_leaf_00151.png
1420787,leaf,152,1420787_leaf_00152.png
1420787,leaf,153,1420787_leaf_00153.png
1420787,leaf,154,1420787_leaf_00154.png
1420787,leaf,155,1420787_leaf_00155.png
1420787,leaf,156,1420787_leaf_00156.png
1420787,leaf,157,1420787_leaf_00157.png
1420787,leaf,158,1420787_leaf_00158.png
1420787,leaf,159,1420787_leaf_00159.png
1420787,leaf,160,1420787_leaf_00160.png
1420787,leaf,161,1420787_leaf_00161.png
1408490,flower,0,1408490_flower_00000.png
1408490,flower,1,1408490_flower_00001.png
1408490,flower,2,1408490_flower_00002.png
1408490,flower,3,1408490_flower_00003.png
1408490,flower,4,1408490_flower_00004.png
1408490,flower,5,1408490_flower_00005.png
1408490,flower,6,1408490_flower_00006.png
1408490,flower,7,1408490_flower_00007.png
1408490,flower,8,1408490_flower_00008.png
1408490,flower,9,1408490_flower_00009.png
1408490,flower,10,1408490_flower_00010.png
1408490,flower,11,1408490_flower_00011.png
1408490,flower,12,1408490_flower_00012.png
1408490,flower,13,1408490_flower_00013.png
1408490,flower,14,1408490_flower_00014.png
1408490,flower,15,1408490_flower_00015.png
1408490,flower,16,1408490_flower_00016.png
1408490,flower,17,1408490_flower_00017.png
1408490,flower,18,1408490_flower_00018.png
1408490,flower,19,1408490_flower_00019.png
1408490,flower,20,1408490_flower_00020.png
1408490,flower,21,1408490_flower_00021.png
1408490,flower,22,1408490_flower_00022.png
1408490,flower,23,1408490_flower_00023.png
1408490,flower,24,1408490_flower_00024.png
1408490,flower,25,1408490_flower_00025.png
1408490,flower,26,1408490_flower_00026.png
1408490,flower,27,1408490_flower_00027.png
1408490,flower,28,1408490_flower_00028.png
1408490,flower,29,1408490_flower_00029.png
1408490,flower,30,1408490_flower_00030.png
1408490,flower,31,1408490_flower_00031.png
1408490,flower,32,1408490_flower_00032.png
1408490,flower,33,1408490_flower_00033.png
1408490,flower,34,1408490_flower_00034.png
1408490,flower,35,1408490_flower_00035.png
1408490,flower,36,1408490_flower_00036.png
1408490,flower,37,1408490_flower_00037.png
1408490,flower,38,1408490_flower_00038.png
1408490,flower,39,1408490_flower_00039.png
1408490,flower,40,1408490_flower_00040.png
1408490,flower,41,1408490_flower_00041.png
1408490,flower,42,1408490_flower_00042.png
1408490,flower,43,1408490_flower_00043.png
1408490,flower,44,1408490_flower_00044.png
1408490,flower,45,1408490_flower_00045.png
1408490,flower,46,1408490_flower_00046.png
1408490,flower,47,1408490_flower_00047.png
1408490,flower,48,1408490_flower_00048.png
1408490,flower,49,1408490_flower_00049.png
1408490,flower,50,1408490_flower_00050.png
1408490,flower,51,1408490_flower_00051.png
1408490,flower,52,1408490_flower_00052.png
1408490,flower,53,1408490_flower_00053.png
1408490,flower,54,1408490_flower_00054.png
1408490,flower,55,1408490_flower_00055.png
1408490,flower,56,1408490_flower_00056.png
1408490,flower,57,1408490_flower_00057.png
1408490,flower,58,1408490_flower_00058.png
1408490,flower,59,1408490_flower_00059.png
1408490,flower,60,1408490_flower_00060.png
1408490,flower,61,1408490_flower_00061.png
1408490,flower,62,1408490_flower_00062.png
1408490,flower,63,1408490_flower_00063.png
1408490,flower,64,1408490_flower_00064.png
1408490,flower,65,1408490_flower_00065.png
1408490,flower,66,1408490_flower_00066.png
1408490,flower,67,1408490_flower_00067.png
1408490,flower,68,1408490_flower_00068.png
1408490,flower,69,1408490_flower_00069.png
1408490,flower,70,1408490_flower_00070.png
1408490,flower,71,1408490_flower_00071.png
1408490,flower,72,1408490_flower_00072.png
1408490,flower,73,1408490_flower_00073.png
1408490,flower,74,1408490_flower_00074.png
1408490,flower,75,1408490_flower_00075.png
1408490,flower,76,1408490_flower_00076.png
1408490,flower,77,1408490_flower_00077.png
1408490,flower,78,1408490_flower_00078.png
1408490,flower,79,1408490_flower_00079.png
1408490,flower,80,1408490_flower_00080.png
1408490,flower,81,1408490_flower_00081.png
1408490,flower,82,1408490_flower_00082.png
1408490,flower,83,1408490_flower_00083.png
1408490,flower,84,1408490_flower_00084.png
1408490,flower,85,1408490_flower_00085.png
1408490,flower,86,1408490_flower_00086.png
1408490,flower,87,1408490_flower_00087.png
1408490,flower,88,1408490_flower_00088.png
1408490,flower,89,1408490_flower_00089.png
1408490,flower,90,1408490_flower_00090.png
1408490,flower,91,1408490_flower_00091.png
1408490,flower,92,1408490_flower_00092.png
1408490,flower,93,1408490_flower_00093.png
1408490,flower,94,1408490_flower_00094.png
1408490,flower,95,1408490_flower_00095.png
1408490,flower,96,1408490_flower_00096.png
1408490,flower,97,1408490_flower_00097.png
1408490,flower,98,1408490_flower_00098.png
1408490,flower,99,1408490_flower_00099.png
1408490,flower,100,1408490_flower_00100.png
1408490,flower,101,1408490_flower_00101.png
1408490,flower,102,1408490_flower_00102.png
1408490,flower,103,1408490_flower_00103.png
1408490,flower,104,1408490_flower_00104.png
1408490,flower,105,1408490_flower_00105.png
1408490,flower,106,1408490_flower_00106.png
1408490,flower,107,1408490_flower_00107.png
1408490,flower,108,1408490_flower_00108.png
1408490,flower,109,1408490_flower_00109.png
1408490,flower,110,1408490_flower_00110.png
1408490,flower,111,1408490_flower_00111.png
1408490,flower,112,1408490_flower_00112.png
1408490,flower,113,1408490_flower_00113.png
1408490,flower,114,1408490_flower_00114.png
1408490,flower,115,1408490_flower_00115.png
1408490,leaf,116,1408490_leaf_00116.png
1408490,leaf,117,1408490_leaf_00117.png
1408490,leaf,118,1408490_leaf_00118.png
1408490,leaf,119,1408490_leaf_00119.png
1408490,leaf,120,1408490_leaf_00120.png
1408490,leaf,121,1408490_leaf_00121.png
1408490,leaf,122,1408490_leaf_00122.png
1408490,leaf,123,1408490_leaf_00123.png
1408490,leaf,124,1408490_leaf_00124.png
1408490,leaf,125,1408490_leaf_00125.png
1408490,leaf,126,1408490_leaf_00126.png
1408490,leaf,127,1408490_leaf_00127.png
1408490,leaf,128,1408490_leaf_00128.png
1408490,leaf,129,1408490_leaf_00129.png
1408490,leaf,130,1408490_leaf_00130.png
1408490,leaf,131,1408490_leaf_00131.png
1408490,leaf,132,1408490_leaf_00132.png
1408490,leaf,133,1408490_leaf_00133.png
1408490,leaf,134,1408490_leaf_00134.png
1408490,leaf,135,1408490_leaf_00135.png
1408490,leaf,136,1408490_leaf_00136.png
1408490,leaf,137,1408490_leaf_00137.png
1408490,leaf,138,1408490_leaf_00138.png
1408490,leaf,139,1408490_leaf_00139.png
1408490,leaf,140,1408490_leaf_00140.png
1408490,leaf,141,1408490_leaf_00141.png
1408490,leaf,142,1408490_leaf_00142.png
1408490,leaf,143,1408490_leaf_00143.png
1408490,leaf,144,1408490_leaf_00144.png
1408490,leaf,145,1408490_leaf_00145.png
1408490,leaf,146,1408490_leaf_00146.png
1408490,leaf,147,1408490_leaf_00147.png
1408490,leaf,148,1408490_leaf_00148.png
1408490,leaf,149,1408490_leaf_00149.png
1408490,leaf,150,1408490_leaf_00150.png
1408490,leaf,151,1408490_leaf_00151.png
1408490,leaf,152,1408490_leaf_00152.png
1408490,leaf,153,1408490_leaf_00153.png
1408490,leaf,154,1408490_leaf_00154.png
1408490,leaf,155,1408490_leaf_00155.png
1408490,leaf,156,1408490_leaf_00156.png
1408490,leaf,157,1408490_leaf_00157.png
1408490,leaf,158,1408490_leaf_00158.png
1408490,leaf,159,1408490_leaf_00159.png
1385700,flower,0,1385700_flower_00000.png
1385700,flower,1,1385700_flower_00001.png
1385700,flower,2,1385700_flower_00002.png
1385700,flower,3,1385700_flower_00003.png
1385700,flower,4,1385700_flower_00004.png
1385700,flower,5,1385700_flower_00005.png
1385700,flower,6,1385700_flower_00006.png
1385700,flower,7,1385700_flower_00007.png
1385700,flower,8,1385700_flower_00008.png
1385700,flower,9,1385700_flower_00009.png
1385700,flower,10,1385700_flower_00010.png
1385700,flower,11,1385700_flower_00011.png
1385700,flower,12,1385700_flower_00012.png
1385700,flower,13,1385700_flower_00013.png
1385700,flower,14,1385700_flower_00014.png
1385700,flower,15,1385700_flower_00015.png
1385700,flower,16,1385700_flower_00016.png
1385700,flower,17,1385700_flower_00017.png
1385700,flower,18,1385700_flower_00018.png
1385700,flower,19,1385700_flower_00019.png
1385700,flower,20,1385700_flower_00020.png
1385700,flower,21,1385700_flower_00021.png
1385700,flower,22,1385700_flower_00022.png
1385700,flower,23,1385700_flower_00023.png
1385700,flower,24,1385700_flower_00024.png
1385700,flower,25,1385700_flower_00025.png
1385700,flower,26,1385700_flower_00026.png
1385700,flower,27,1385700_flower_00027.png
1385700,flower,28,1385700_flower_00028.png
1385700,flower,29,1385700_flower_00029.png
1385700,flower,30,1385700_flower_00030.png
1385700,flower,31,1385700_flower_00031.png
1385700,flower,32,1385700_flower_00032.png
1385700,flower,33,1385700_flower_00033.png
1385700,flower,34,1385700_flower_00034.png
1385700,flower,35,1385700_flower_00035.png
1385700,flower,36,1385700_flower_00036.png
1385700,flower,37,1385700_flower_00037.png
1385700,flower,38,1385700_flower_00038.png
1385700,flower,39,1385700_flower_00039.png
1385700,flower,40,1385700_flower_00040.png
1385700,flower,41,1385700_flower_00041.png
1385700,flower,42,1385700_flower_00042.png
1385700,flower,43,1385700_flower_00043.png
1385700,flower,44,1385700_flower_00044.png
1385700,flower,45,1385700_flower_00045.png
1385700,flower,46,1385700_flower_00046.png
1385700,flower,47,1385700_flower_00047.png
1385700,flower,48,1385700_flower_00048.png
1385700,flower,49,1385700_flower_00049.png
1385700,flower,50,1385700_flower_00050.png
1385700,flower,51,1385700_flower_00051.png
1385700,flower,52,1385700_flower_00052.png
1385700,flower,53,1385700_flower_00053.png
1385700,flower,54,1385700_flower_00054.png
1385700,flower,55,1385700_flower_00055.png
1385700,flower,56,1385700_flower_00056.png
1385700,flower,57,1385700_flower_00057.png
1385700,flower,58,1385700_flower_00058.png
1385700,flower,59,1385700_flower_00059.png
1385700,flower,60,1385700_flower_00060.png
1385700,flower,61,1385700_flower_00061.png
1385700,flower,62,1385700_flower_00062.png
1385700,flower,63,1385700_flower_00063.png
1385700,flower,64,1385700_flower_00064.png
1385700,flower,65,1385700_flower_00065.png
1385700,flower,66,1385700_flower_00066.png
1385700,flower,67,1385700_flower_00067.png
1385700,flower,68,1385700_flower_00068.png
1385700,flower,69,1385700_flower_00069.png
1385700,flower,70,1385700_flower_00070.png
1385700,flower,71,1385700_flower_00071.png
1385700,flower,72,1385700_flower_00072.png
1385700,flower,73,1385700_flower_00073.png
1385700,flower,74,1385700_flower_00074.png
1385700,flower,75,1385700_flower_00075.png
1385700,flower,76,1385700_flower_00076.png
1385700,flower,77,1385700_flower_00077.png
1385700,flower,78,1385700_flower_00078.png
1385700,flower,79,1385700_flower_00079.png
1385700,flower,80,1385700_flower_00080.png
1385700,flower,81,1385700_flower_00081.png
1385700,flower,82,1385700_flower_00082.png
1385700,flower,83,1385700_flower_00083.png
1385700,flower,84,1385700_flower_00084.png
1385700,leaf,85,1385700_leaf_00085.png
1385700,leaf,86,1385700_leaf_00086.png
1385700,leaf,87,1385700_leaf_00087.png
1385700,leaf,88,1385700_leaf_00088.png
1385700,leaf,89,1385700_leaf_00089.png
1385700,leaf,90,1385700_leaf_00090.png
1385700,leaf,91,1385700_leaf_00091.png
1385700,leaf,92,1385700_leaf_00092.png
1385700,leaf,93,1385700_leaf_00093.png
1385700,leaf,94,1385700_leaf_00094.png
1385700,leaf,95,1385700_leaf_00095.png
1385700,leaf,96,1385700_leaf_00096.png
1385700,leaf,97,1385700_leaf_00097.png
1385700,leaf,98,1385700_leaf_00098.png
1385700,leaf,99,1385700_leaf_00099.png
1385700,leaf,100,1385700_leaf_00100.png
1385700,leaf,101,1385700_leaf_00101.png
1385700,leaf,102,1385700_leaf_00102.png
1385700,leaf,103,1385700_leaf_00103.png
1385700,leaf,104,1385700_leaf_00104.png
1385700,leaf,105,1385700_leaf_00105.png
1385700,leaf,106,1385700_leaf_00106.png
1385700,leaf,107,1385700_leaf_00107.png
1385700,leaf,108,1385700_leaf_00108.png
1385700,leaf,109,1385700_leaf_00109.png
1385700,leaf,110,1385700_leaf_00110.png
1385700,leaf,111,1385700_leaf_00111.png
1385700,leaf,112,1385700_leaf_00112.png
1385700,leaf,113,1385700_leaf_00113.png
1385700,leaf,114,1385700_leaf_00114.png
1385700,leaf,115,1385700_leaf_00115.png
1385700,leaf,116,1385700_leaf_00116.png
1385700,leaf,117,1385700_leaf_00117.png
1385700,leaf,118,1385700_leaf_00118.png
1385700,leaf,119,1385700_leaf_00119.png
1385700,leaf,120,1385700_leaf_00120.png
1385700,leaf,121,1385700_leaf_00121.png
1385700,leaf,122,1385700_leaf_00122.png
1385700,leaf,123,1385700_leaf_00123.png
1385700,leaf,124,1385700_leaf_00124.png
1385700,leaf,125,1385700_leaf_00125.png
1385700,leaf,126,1385700_leaf_00126.png
1385700,leaf,127,1385700_leaf_00127.png
1385700,leaf,128,1385700_leaf_00128.png
1385700,leaf,129,1385700_leaf_00129.png
1385700,leaf,130,1385700_leaf_00130.png
1385700,leaf,131,1385700_leaf_00131.png
1385700,leaf,132,1385700_leaf_00132.png
1385700,leaf,133,1385700_leaf_00133.png
1385700,leaf,134,1385700_leaf_00134.png
1385700,leaf,135,1385700_leaf_00135.png
1385700,leaf,136,1385700_leaf_00136.png
1385700,leaf,137,1385700_leaf_00137.png
1385700,leaf,138,1385700_leaf_00138.png
1385700,leaf,139,1385700_leaf_00139.png
1385700,leaf,140,1385700_leaf_00140.png
1385700,leaf,141,1385700_leaf_00141.png
1385700,leaf,142,1385700_leaf_00142.png
1385700,leaf,143,1385700_leaf_00143.png
1385700,leaf,144,1385700_leaf_00144.png
1385700,leaf,145,1385700_leaf_00145.png
1385700,leaf,146,1385700_leaf_00146.png
1385700,leaf,147,1385700_leaf_00147.png
1385700,leaf,148,1385700_leaf_00148.png
1385700,leaf,149,1385700_leaf_00149.png
1385700,leaf,150,1385700_leaf_00150.png
1385700,leaf,151,1385700_leaf_00151.png
1385700,leaf,152,1385700_leaf_00152.png
1356076,flower,0,1356076_flower_00000.png
1356076,flower,1,1356076_flower_00001.png
1356076,flower,2,1356076_flower_00002.png
1356076,flower,3,1356076_flower_00003.png
1356076,flower,4,1356076_flower_00004.png
1356076,flower,5,1356076_flower_00005.png
1356076,flower,6,1356076_flower_00006.png
1356076,flower,7,1356076_flower_00007.png
1356076,flower,8,1356076_flower_00008.png
1356076,flower,9,1356076_flower_00009.png
1356076,flower,10,1356076_flower_00010.png
1356076,flower,11,1356076_flower_00011.png
1356076,flower,12,1356076_flower_00012.png
1356076,flower,13,1356076_flower_00013.png
1356076,flower,14,1356076_flower_00014.png
1356076,flower,15,1356076_flower_00015.png
1356076,flower,16,1356076_flower_00016.png
1356076,flower,17,1356076_flower_00017.png
1356076,flower,18,1356076_flower_00018.png
1356076,flower,19,1356076_flower_00019.png
1356076,flower,20,1356076_flower_00020.png
1356076,flower,21,1356076_flower_00021.png
1356076,leaf,22,1356076_leaf_00022.png
1356076,leaf,23,1356076_leaf_00023.png
1356076,leaf,24,1356076_leaf_00024.png
1356076,leaf,25,1356076_leaf_00025.png
1356076,leaf,26,1356076_leaf_00026.png
1356076,leaf,27,1356076_leaf_00027.png
1356076,leaf,28,1356076_leaf_00028.png
1356076,leaf,29,1356076_leaf_00029.png
1356076,leaf,30,1356076_leaf_00030.png
1356076,leaf,31,1356076_leaf_00031.png
1356076,leaf,32,1356076_leaf_00032.png
1356076,leaf,33,1356076_leaf_00033.png
1356076,leaf,34,1356076_leaf_00034.png
1356076,leaf,35,1356076_leaf_00035.png
1356076,leaf,36,1356076_leaf_00036.png
1356076,leaf,37,1356076_leaf_00037.png
1356076,leaf,38,1356076_leaf_00038.png
1356076,leaf,39,1356076_leaf_00039.png
1356076,leaf,40,1356076_leaf_00040.png
1356076,leaf,41,1356076_leaf_00041.png
1356076,leaf,42,1356076_leaf_00042.png
1356076,leaf,43,1356076_leaf_00043.png
1356076,leaf,44,1356076_leaf_00044.png
1356076,leaf,45,1356076_leaf_00045.png
1356076,leaf,46,1356076_leaf_00046.png
1356076,leaf,47,1356076_leaf_00047.png
1356076,leaf,48,1356076_leaf_00048.png
1356076,leaf,49,1356076_leaf_00049.png
1356076,leaf,50,1356076_leaf_00050.png
1356076,leaf,51,1356076_leaf_00051.png
1356076,leaf,52,1356076_leaf_00052.png
1356076,leaf,53,1356076_leaf_00053.png
1356076,leaf,54,1356076_leaf_00054.png
1356076,leaf,55,1356076_leaf_00055.png
1356076,leaf,56,1356076_leaf_00056.png
1356076,leaf,57,1356076_leaf_00057.png
1356076,leaf,58,1356076_leaf_00058.png
1356076,leaf,59,1356076_leaf_00059.png
1356076,leaf,60,1356076_leaf_00060.png
1356076,leaf,61,1356076_leaf_00061.png
1356076,leaf,62,1356076_leaf_00062.png
1356076,leaf,63,1356076_leaf_00063.png
1356076,leaf,64,1356076_leaf_00064.png
1356076,leaf,65,1356076_leaf_00065.png
1356076,leaf,66,1356076_leaf_00066.png
1356076,leaf,67,1356076_leaf_00067.png
1356076,leaf,68,1356076_leaf_00068.png
1356076,leaf,69,1356076_leaf_00069.png
1356076,leaf,70,1356076_leaf_00070.png
1356076,leaf,71,1356076_leaf_00071.png
1356076,leaf,72,1356076_leaf_00072.png
1356076,leaf,73,1356076_leaf_00073.png
1356076,leaf,74,1356076_leaf_00074.png
1356076,leaf,75,1356076_leaf_00075.png
1356076,leaf,76,1356076_leaf_00076.png
1356076,leaf,77,1356076_leaf_00077.png
1356076,leaf,78,1356076_leaf_00078.png
1356076,leaf,79,1356076_leaf_00079.png
1356076,leaf,80,1356076_leaf_00080.png
1356076,leaf,81,1356076_leaf_00081.png
1356076,leaf,82,1356076_leaf_00082.png
1356076,leaf,83,1356076_leaf_00083.png
1356076,leaf,84,1356076_leaf_00084.png
1356076,leaf,85,1356076_leaf_00085.png
1356076,leaf,86,1356076_leaf_00086.png
1356076,leaf,87,1356076_leaf_00087.png
1356076,leaf,88,1356076_leaf_00088.png
1356076,leaf,89,1356076_leaf_00089.png
1356076,leaf,90,1356076_leaf_00090.png
1356076,leaf,91,1356076_leaf_00091.png
1356076,leaf,92,1356076_leaf_00092.png
1356076,leaf,93,1356076_leaf_00093.png
1356076,leaf,94,1356076_leaf_00094.png
1356076,leaf,95,1356076_leaf_00095.png
1356076,leaf,96,1356076_leaf_00096.png
1356076,leaf,97,1356076_leaf_00097.png
1356076,leaf,98,1356076_leaf_00098.png
1356076,leaf,99,1356076_leaf_00099.png
1356076,leaf,100,1356076_leaf_00100.png
1356076,leaf,101,1356076_leaf_00101.png
1356076,leaf,102,1356076_leaf_00102.png
1356076,leaf,103,1356076_leaf_00103.png
1356076,leaf,104,1356076_leaf_00104.png
1356076,leaf,105,1356076_leaf_00105.png
1356076,leaf,106,1356076_leaf_00106.png
1356076,leaf,107,1356076_leaf_00107.png
1356076,leaf,108,1356076_leaf_00108.png
1356076,leaf,109,1356076_leaf_00109.png
1356076,leaf,110,1356076_leaf_00110.png
1356076,leaf,111,1356076_leaf_00111.png
1356076,leaf,112,1356076_leaf_00112.png
1356076,leaf,113,1356076_leaf_00113.png
1356076,leaf,114,1356076_leaf_00114.png
1356076,leaf,115,1356076_leaf_00115.png
1356076,leaf,116,1356076_leaf_00116.png
1356076,leaf,117,1356076_leaf_00117.png
1356076,leaf,118,1356076_leaf_00118.png
1356076,leaf,119,1356076_leaf_00119.png
1356076,leaf,120,1356076_leaf_00120.png
1356076,leaf,121,1356076_leaf_00121.png
1356076,leaf,122,1356076_leaf_00122.png
1356076,leaf,123,1356076_leaf_00123.png
1356076,leaf,124,1356076_leaf_00124.png
1356076,leaf,125,1356076_leaf_00125.png
1356076,leaf,126,1356076_leaf_00126.png
1356076,leaf,127,1356076_leaf_00127.png
1356076,leaf,128,1356076_leaf_00128.png
1356076,leaf,129,1356076_leaf_00129.png
1356076,leaf,130,1356076_leaf_00130.png
1356076,leaf,131,1356076_leaf_00131.png
1356076,leaf,132,1356076_leaf_00132.png
1356076,leaf,133,1356076_leaf_00133.png
1356076,leaf,134,1356076_leaf_00134.png
1356076,leaf,135,1356076_leaf_00135.png
1356076,leaf,136,1356076_leaf_00136.png
1356076,leaf,137,1356076_leaf_00137.png
1356076,leaf,138,1356076_leaf_00138.png
1356076,leaf,139,1356076_leaf_00139.png
1356076,leaf,140,1356076_leaf_00140.png
1356076,leaf,141,1356076_leaf_00141.png
1356076,leaf,142,1356076_leaf_00142.png
1356076,leaf,143,1356076_leaf_00143.png
1356076,leaf,144,1356076_leaf_00144.png
1356076,leaf,145,1356076_leaf_00145.png
1356076,leaf,146,1356076_leaf_00146.png
1356076,leaf,147,1356076_leaf_00147.png
1356076,leaf,148,1356076_leaf_00148.png
1356076,leaf,149,1356076_leaf_00149.png
1356076,leaf,150,1356076_leaf_00150.png
1397598,flower,0,1397598_flower_00000.png
1397598,flower,1,1397598_flower_00001.png
1397598,flower,2,1397598_flower_00002.png
1397598,flower,3,1397598_flower_00003.png
1397598,flower,4,1397598_flower_00004.png
1397598,flower,5,1397598_flower_00005.png
1397598,flower,6,1397598_flower_00006.png
1397598,flower,7,1397598_flower_00007.png
1397598,flower,8,1397598_flower_00008.png
1397598,flower,9,1397598_flower_00009.png
1397598,flower,10,1397598_flower_00010.png
1397598,flower,11,1397598_flower_00011.png
1397598,flower,12,1397598_flower_00012.png
1397598,flower,13,1397598_flower_00013.png
1397598,flower,14,1397598_flower_00014.png
1397598,flower,15,1397598_flower_00015.png
1397598,flower,16,1397598_flower_00016.png
1397598,flower,17,1397598_flower_00017.png
1397598,flower,18,1397598_flower_00018.png
1397598,flower,19,1397598_flower_00019.png
1397598,flower,20,1397598_flower_00020.png
1397598,flower,21,1397598_flower_00021.png
1397598,flower,22,1397598_flower_00022.png
1397598,flower,23,1397598_flower_00023.png
1397598,flower,24,1397598_flower_00024.png
1397598,flower,25,1397598_flower_00025.png
1397598,flower,26,1397598_flower_00026.png
1397598,flower,27,1397598_flower_00027.png
1397598,flower,28,1397598_flower_00028.png
1397598,flower,29,1397598_flower_00029.png
1397598,flower,30,1397598_flower_00030.png
1397598,flower,31,1397598_flower_00031.png
1397598,flower,32,1397598_flower_00032.png
1397598,flower,33,1397598_flower_00033.png
1397598,flower,34,1397598_flower_00034.png
1397598,flower,35,1397598_flower_00035.png
1397598,flower,36,1397598_flower_00036.png
1397598,flower,37,1397598_flower_00037.png
1397598,flower,38,1397598_flower_00038.png
1397598,flower,39,1397598_flower_00039.png
1397598,flower,40,1397598_flower_00040.png
1397598,flower,41,1397598_flower_00041.png
1397598,flower,42,1397598_flower_00042.png
1397598,flower,43,1397598_flower_00043.png
1397598,flower,44,1397598_flower_00044.png
1397598,flower,45,1397598_flower_00045.png
1397598,flower,46,1397598_flower_00046.png
1397598,flower,47,1397598_flower_00047.png
1397598,flower,48,1397598_flower_00048.png
1397598,flower,49,1397598_flower_00049.png
1397598,flower,50,1397598_flower_00050.png
1397598,flower,51,1397598_flower_00051.png
1397598,flower,52,1397598_flower_00052.png
1397598,flower,53,1397598_flower_00053.png
1397598,flower,54,1397598_flower_00054.png
1397598,flower,55,1397598_flower_00055.png
1397598,flower,56,1397598_flower_00056.png
1397598,flower,57,1397598_flower_00057.png
1397598,flower,58,1397598_flower_00058.png
1397598,flower,59,1397598_flower_00059.png
1397598,flower,60,1397598_flower_00060.png
1397598,flower,61,1397598_flower_00061.png
1397598,flower,62,1397598_flower_00062.png
1397598,flower,63,1397598_flower_00063.png
1397598,flower,64,1397598_flower_00064.png
1397598,flower,65,1397598_flower_00065.png
1397598,flower,66,1397598_flower_00066.png
1397598,flower,67,1397598_flower_00067.png
1397598,flower,68,1397598_flower_00068.png
1397598,flower,69,1397598_flower_00069.png
1397598,flower,70,1397598_flower_00070.png
1397598,flower,71,1397598_flower_00071.png
1397598,flower,72,1397598_flower_00072.png
1397598,flower,73,1397598_flower_00073.png
1397598,flower,74,1397598_flower_00074.png
1397598,flower,75,1397598_flower_00075.png
1397598,flower,76,1397598_flower_00076.png
1397598,flower,77,1397598_flower_00077.png
1397598,flower,78,1397598_flower_00078.png
1397598,flower,79,1397598_flower_00079.png
1397598,flower,80,1397598_flower_00080.png
1397598,flower,81,1397598_flower_00081.png
1397598,flower,82,1397598_flower_00082.png
1397598,flower,83,1397598_flower_00083.png
1397598,flower,84,1397598_flower_00084.png
1397598,flower,85,1397598_flower_00085.png
1397598,flower,86,1397598_flower_00086.png
1397598,flower,87,1397598_flower_00087.png
1397598,flower,88,1397598_flower_00088.png
1397598,flower,89,1397598_flower_00089.png
1397598,flower,90,1397598_flower_00090.png
1397598,flower,91,1397598_flower_00091.png
1397598,flower,92,1397598_flower_00092.png
1397598,flower,93,1397598_flower_00093.png
1397598,flower,94,1397598_flower_00094.png
1397598,flower,95,1397598_flower_00095.png
1397598,flower,96,1397598_flower_00096.png
1397598,flower,97,1397598_flower_00097.png
1397598,flower,98,1397598_flower_00098.png
1397598,flower,99,1397598_flower_00099.png
1397598,flower,100,1397598_flower_00100.png
1397598,flower,101,1397598_flower_00101.png
1397598,flower,102,1397598_flower_00102.png
1397598,flower,103,1397598_flower_00103.png
1397598,flower,104,1397598_flower_00104.png
1397598,flower,105,1397598_flower_00105.png
1397598,flower,106,1397598_flower_00106.png
1397598,flower,107,1397598_flower_00107.png
1397598,flower,108,1397598_flower_00108.png
1397598,flower,109,1397598_flower_00109.png
1397598,flower,110,1397598_flower_00110.png
1397598,flower,111,1397598_flower_00111.png
1397598,flower,112,1397598_flower_00112.png
1397598,flower,113,1397598_flower_00113.png
1397598,flower,114,1397598_flower_00114.png
1397598,flower,115,1397598_flower_00115.png
1397598,flower,116,1397598_flower_00116.png
1397598,leaf,117,1397598_leaf_00117.png
1397598,leaf,118,1397598_leaf_00118.png
1397598,leaf,119,1397598_leaf_00119.png
1397598,leaf,120,1397598_leaf_00120.png
1397598,leaf,121,1397598_leaf_00121.png
1397598,leaf,122,1397598_leaf_00122.png
1397598,leaf,123,1397598_leaf_00123.png
1397598,leaf,124,1397598_leaf_00124.png
1397598,leaf,125,1397598_leaf_00125.png
1397598,leaf,126,1397598_leaf_00126.png
1397598,leaf,127,1397598_leaf_00127.png
1397598,leaf,128,1397598_leaf_00128.png
1397598,leaf,129,1397598_leaf_00129.png
1397598,leaf,130,1397598_leaf_00130.png
1397598,leaf,131,1397598_leaf_00131.png
1397598,leaf,132,1397598_leaf_00132.png
1397598,leaf,133,1397598_leaf_00133.png
1397598,leaf,134,1397598_leaf_00134.png
1397598,leaf,135,1397598_leaf_00135.png
1397598,leaf,136,1397598_leaf_00136.png
1397598,leaf,137,1397598_leaf_00137.png
1397598,leaf,138,1397598_leaf_00138.png
1397598,leaf,139,1397598_leaf_00139.png
1397598,leaf,140,1397598_leaf_00140.png
1397598,leaf,141,1397598_leaf_00141.png
1397598,leaf,142,1397598_leaf_00142.png
1397598,leaf,143,1397598_leaf_00143.png
1397598,leaf,144,1397598_leaf_00144.png
1397598,leaf,145,1397598_leaf_00145.png
1397598,leaf,146,1397598_leaf_00146.png
1397598,leaf,147,1397598_leaf_00147.png
1397598,leaf,148,1397598_leaf_00148.png
1397598,leaf,149,1397598_leaf_00149.png
1397598,leaf,150,1397598_leaf_00150.png
1618661,flower,0,1618661_flower_00000.png
1618661,flower,1,1618661_flower_00001.png
1618661,flower,2,1618661_flower_00002.png
1618661,flower,3,1618661_flower_00003.png
1618661,flower,4,1618661_flower_00004.png
1618661,flower,5,1618661_flower_00005.png
1618661,flower,6,1618661_flower_00006.png
1618661,flower,7,1618661_flower_00007.png
1618661,flower,8,1618661_flower_00008.png
1618661,flower,9,1618661_flower_00009.png
1618661,flower,10,1618661_flower_00010.png
1618661,flower,11,1618661_flower_00011.png
1618661,flower,12,1618661_flower_00012.png
1618661,flower,13,1618661_flower_00013.png
1618661,flower,14,1618661_flower_00014.png
1618661,flower,15,1618661_flower_00015.png
1618661,flower,16,1618661_flower_00016.png
1618661,flower,17,1618661_flower_00017.png
1618661,flower,18,1618661_flower_00018.png
1618661,flower,19,1618661_flower_00019.png
1618661,flower,20,1618661_flower_00020.png
1618661,flower,21,1618661_flower_00021.png
1618661,flower,22,1618661_flower_00022.png
1618661,flower,23,1618661_flower_00023.png
1618661,flower,24,1618661_flower_00024.png
1618661,flower,25,1618661_flower_00025.png
1618661,flower,26,1618661_flower_00026.png
1618661,flower,27,1618661_flower_00027.png
1618661,flower,28,1618661_flower_00028.png
1618661,flower,29,1618661_flower_00029.png
1618661,flower,30,1618661_flower_00030.png
1618661,flower,31,1618661_flower_00031.png
1618661,flower,32,1618661_flower_00032.png
1618661,flower,33,1618661_flower_00033.png
1618661,flower,34,1618661_flower_00034.png
1618661,flower,35,1618661_flower_00035.png
1618661,flower,36,1618661_flower_00036.png
1618661,flower,37,1618661_flower_00037.png
1618661,flower,38,1618661_flower_00038.png
1618661,flower,39,1618661_flower_00039.png
1618661,flower,40,1618661_flower_00040.png
1618661,flower,41,1618661_flower_00041.png
1618661,flower,42,1618661_flower_00042.png
1618661,flower,43,1618661_flower_00043.png
1618661,flower,44,1618661_flower_00044.png
1618661,flower,45,1618661_flower_00045.png
1618661,flower,46,1618661_flower_00046.png
1618661,flower,47,1618661_flower_00047.png
1618661,flower,48,1618661_flower_00048.png
1618661,flower,49,1618661_flower_00049.png
1618661,flower,50,1618661_flower_00050.png
1618661,flower,51,1618661_flower_00051.png
1618661,flower,52,1618661_flower_00052.png
1618661,flower,53,1618661_flower_00053.png
1618661,flower,54,1618661_flower_00054.png
1618661,flower,55,1618661_flower_00055.png
1618661,flower,56,1618661_flower_00056.png
1618661,flower,57,1618661_flower_00057.png
1618661,flower,58,1618661_flower_00058.png
1618661,flower,59,1618661_flower_00059.png
1618661,flower,60,1618661_flower_00060.png
1618661,flower,61,1618661_flower_00061.png
1618661,flower,62,1618661_flower_00062.png
1618661,flower,63,1618661_flower_00063.png
1618661,flower,64,1618661_flower_00064.png
1618661,flower,65,1618661_flower_00065.png
1618661,flower,66,1618661_flower_00066.png
1618661,flower,67,1618661_flower_00067.png
1618661,flower,68,1618661_flower_00068.png
1618661,flower,69,1618661_flower_00069.png
1618661,flower,70,1618661_flower_00070.png
1618661,flower,71,1618661_flower_00071.png
1618661,flower,72,1618661_flower_00072.png
1618661,flower,73,1618661_flower_00073.png
1618661,flower,74,1618661_flower_00074.png
1618661,flower,75,1618661_flower_00075.png
1618661,flower,76,1618661_flower_00076.png
1618661,flower,77,1618661_flower_00077.png
1618661,flower,78,1618661_flower_00078.png
1618661,flower,79,1618661_flower_00079.png
1618661,flower,80,1618661_flower_00080.png
1618661,flower,81,1618661_flower_00081.png
1618661,flower,82,1618661_flower_00082.png
1618661,flower,83,1618661_flower_00083.png
1618661,flower,84,1618661_flower_00084.png
1618661,flower,85,1618661_flower_00085.png
1618661,flower,86,1618661_flower_00086.png
1618661,flower,87,1618661_flower_00087.png
1618661,flower,88,1618661_flower_00088.png
1618661,flower,89,1618661_flower_00089.png
1618661,flower,90,1618661_flower_00090.png
1618661,flower,91,1618661_flower_00091.png
1618661,flower,92,1618661_flower_00092.png
1618661,flower,93,1618661_flower_00093.png
1618661,flower,94,1618661_flower_00094.png
1618661,flower,95,1618661_flower_00095.png
1618661,flower,96,1618661_flower_00096.png
1618661,flower,97,1618661_flower_00097.png
1618661,flower,98,1618661_flower_00098.png
1618661,flower,99,1618661_flower_00099.png
1618661,flower,100,1618661_flower_00100.png
1618661,flower,101,1618661_flower_00101.png
1618661,flower,102,1618661_flower_00102.png
1618661,flower,103,1618661_flower_00103.png
1618661,flower,104,1618661_flower_00104.png
1618661,flower,105,1618661_flower_00105.png
1618661,flower,106,1618661_flower_00106.png
1618661,flower,107,1618661_flower_00107.png
1618661,flower,108,1618661_flower_00108.png
1618661,flower,109,1618661_flower_00109.png
1618661,flower,110,1618661_flower_00110.png
1618661,flower,111,1618661_flower_00111.png
1618661,flower,112,1618661_flower_00112.png
1618661,flower,113,1618661_flower_00113.png
1618661,flower,114,1618661_flower_00114.png
1618661,flower,115,1618661_flower_00115.png
1618661,flower,116,1618661_flower_00116.png
1618661,flower,117,1618661_flower_00117.png
1618661,flower,118,1618661_flower_00118.png
1618661,flower,119,1618661_flower_00119.png
1618661,flower,120,1618661_flower_00120.png
1618661,flower,121,1618661_flower_00121.png
1618661,flower,122,1618661_flower_00122.png
1618661,flower,123,1618661_flower_00123.png
1618661,flower,124,1618661_flower_00124.png
1618661,flower,125,1618661_flower_00125.png
1618661,flower,126,1618661_flower_00126.png
1618661,flower,127,1618661_flower_00127.png
1618661,flower,128,1618661_flower_00128.png
1618661,leaf,129,1618661_leaf_00129.png
1618661,leaf,130,1618661_leaf_00130.png
1618661,leaf,131,1618661_leaf_00131.png
1618661,leaf,132,1618661_leaf_00132.png
1618661,leaf,133,1618661_leaf_00133.png
1618661,leaf,134,1618661_leaf_00134.png
1618661,leaf,135,1618661_leaf_00135.png
1618661,leaf,136,1618661_leaf_00136.png
1618661,leaf,137,1618661_leaf_00137.png
1618661,leaf,138,1618661_leaf_00138.png
1618661,leaf,139,1618661_leaf_00139.png
1618661,leaf,140,1618661_leaf_00140.png
1618661,leaf,141,1618661_leaf_00141.png
1618661,leaf,142,1618661_leaf_00142.png
1618661,leaf,143,1618661_leaf_00143.png
1618661,leaf,144,1618661_leaf_00144.png
1618661,leaf,145,1618661_leaf_00145.png
1618661,leaf,146,1618661_leaf_00146.png
1618661,leaf,147,1618661_leaf_00147.png
1618661,leaf,148,1618661_leaf_00148.png
1384499,flower,0,1384499_flower_00000.png
1384499,flower,1,1384499_flower_00001.png
1384499,flower,2,1384499_flower_00002.png
1384499,flower,3,1384499_flower_00003.png
1384499,flower,4,1384499_flower_00004.png
1384499,flower,5,1384499_flower_00005.png
1384499,flower,6,1384499_flower_00006.png
1384499,flower,7,1384499_flower_00007.png
1384499,flower,8,1384499_flower_00008.png
1384499,flower,9,1384499_flower_00009.png
1384499,flower,10,1384499_flower_00010.png
1384499,flower,11,1384499_flower_00011.png
1384499,flower,12,1384499_flower_00012.png
1384499,flower,13,1384499_flower_00013.png
1384499,flower,14,1384499_flower_00014.png
1384499,flower,15,1384499_flower_00015.png
1384499,flower,16,1384499_flower_00016.png
1384499,flower,17,1384499_flower_00017.png
1384499,flower,18,1384499_flower_00018.png
1384499,flower,19,1384499_flower_00019.png
1384499,flower,20,1384499_flower_00020.png
1384499,flower,21,1384499_flower_00021.png
1384499,flower,22,1384499_flower_00022.png
1384499,flower,23,1384499_flower_00023.png
1384499,flower,24,1384499_flower_00024.png
1384499,flower,25,1384499_flower_00025.png
1384499,flower,26,1384499_flower_00026.png
1384499,flower,27,1384499_flower_00027.png
1384499,flower,28,1384499_flower_00028.png
1384499,flower,29,1384499_flower_00029.png
1384499,flower,30,1384499_flower_00030.png
1384499,flower,31,1384499_flower_00031.png
1384499,flower,32,1384499_flower_00032.png
1384499,flower,33,1384499_flower_00033.png
1384499,flower,34,1384499_flower_00034.png
1384499,flower,35,1384499_flower_00035.png
1384499,flower,36,1384499_flower_00036.png
1384499,flower,37,1384499_flower_00037.png
1384499,flower,38,1384499_flower_00038.png
1384499,flower,39,1384499_flower_00039.png
1384499,flower,40,1384499_flower_00040.png
1384499,flower,41,1384499_flower_00041.png
1384499,flower,42,1384499_flower_00042.png
1384499,flower,43,1384499_flower_00043.png
1384499,flower,44,1384499_flower_00044.png
1384499,flower,45,1384499_flower_00045.png
1384499,flower,46,1384499_flower_00046.png
1384499,flower,47,1384499_flower_00047.png
1384499,flower,48,1384499_flower_00048.png
1384499,flower,49,1384499_flower_00049.png
1384499,flower,50,1384499_flower_00050.png
1384499,flower,51,1384499_flower_00051.png
1384499,flower,52,1384499_flower_00052.png
1384499,flower,53,1384499_flower_00053.png
1384499,flower,54,1384499_flower_00054.png
1384499,flower,55,1384499_flower_00055.png
1384499,flower,56,1384499_flower_00056.png
1384499,flower,57,1384499_flower_00057.png
1384499,flower,58,1384499_flower_00058.png
1384499,flower,59,1384499_flower_00059.png
1384499,flower,60,1384499_flower_00060.png
1384499,flower,61,1384499_flower_00061.png
1384499,flower,62,1384499_flower_00062.png
1384499,flower,63,1384499_flower_00063.png
1384499,flower,64,1384499_flower_00064.png
1384499,flower,65,1384499_flower_00065.png
1384499,flower,66,1384499_flower_00066.png
1384499,flower,67,1384499_flower_00067.png
1384499,flower,68,1384499_flower_00068.png
1384499,flower,69,1384499_flower_00069.png
1384499,flower,70,1384499_flower_00070.png
1384499,flower,71,1384499_flower_00071.png
1384499,flower,72,1384499_flower_00072.png
1384499,flower,73,1384499_flower_00073.png
1384499,flower,74,1384499_flower_00074.png
1384499,flower,75,1384499_flower_00075.png
1384499,flower,76,1384499_flower_00076.png
1384499,flower,77,1384499_flower_00077.png
1384499,flower,78,1384499_flower_00078.png
1384499,flower,79,1384499_flower_00079.png
1384499,flower,80,1384499_flower_00080.png
1384499,flower,81,1384499_flower_00081.png
1384499,flower,82,1384499_flower_00082.png
1384499,flower,83,1384499_flower_00083.png
1384499,flower,84,1384499_flower_00084.png
1384499,flower,85,1384499_flower_00085.png
1384499,flower,86,1384499_flower_00086.png
1384499,flower,87,1384499_flower_00087.png
1384499,flower,88,1384499_flower_00088.png
1384499,flower,89,1384499_flower_00089.png
1384499,flower,90,1384499_flower_00090.png
1384499,flower,91,1384499_flower_00091.png
1384499,flower,92,1384499_flower_00092.png
1384499,flower,93,1384499_flower_00093.png
1384499,flower,94,1384499_flower_00094.png
1384499,leaf,95,1384499_leaf_00095.png
1384499,leaf,96,1384499_leaf_00096.png
1384499,leaf,97,1384499_leaf_00097.png
1384499,leaf,98,1384499_leaf_00098.png
1384499,leaf,99,1384499_leaf_00099.png
1384499,leaf,100,1384499_leaf_00100.png
1384499,leaf,101,1384499_leaf_00101.png
1384499,leaf,102,1384499_leaf_00102.png
1384499,leaf,103,1384499_leaf_00103.png
1384499,leaf,104,1384499_leaf_00104.png
1384499,leaf,105,1384499_leaf_00105.png
1384499,leaf,106,1384499_leaf_00106.png
1384499,leaf,107,1384499_leaf_00107.png
1384499,leaf,108,1384499_leaf_00108.png
1384499,leaf,109,1384499_leaf_00109.png
1384499,leaf,110,1384499_leaf_00110.png
1384499,leaf,111,1384499_leaf_00111.png
1384499,leaf,112,1384499_leaf_00112.png
1384499,leaf,113,1384499_leaf_00113.png
1384499,leaf,114,1384499_leaf_00114.png
1384499,leaf,115,1384499_leaf_00115.png
1384499,leaf,116,1384499_leaf_00116.png
1384499,leaf,117,1384499_leaf_00117.png
1384499,leaf,118,1384499_leaf_00118.png
1384499,leaf,119,1384499_leaf_00119.png
1384499,leaf,120,1384499_leaf_00120.png
1384499,leaf,121,1384499_leaf_00121.png
1384499,leaf,122,1384499_leaf_00122.png
1384499,leaf,123,1384499_leaf_00123.png
1384499,leaf,124,1384499_leaf_00124.png
1384499,leaf,125,1384499_leaf_00125.png
1384499,leaf,126,1384499_leaf_00126.png
1384499,leaf,127,1384499_leaf_00127.png
1384499,leaf,128,1384499_leaf_00128.png
1384499,leaf,129,1384499_leaf_00129.png
1384499,leaf,130,1384499_leaf_00130.png
1384499,leaf,131,1384499_leaf_00131.png
1384499,leaf,132,1384499_leaf_00132.png
1384499,leaf,133,1384499_leaf_00133.png
1384499,leaf,134,1384499_leaf_00134.png
1384499,leaf,135,1384499_leaf_00135.png
1384499,leaf,136,1384499_leaf_00136.png
1384499,leaf,137,1384499_leaf_00137.png
1384499,leaf,138,1384499_leaf_00138.png
1384499,leaf,139,1384499_leaf_00139.png
1384499,leaf,140,1384499_leaf_00140.png
1384499,leaf,141,1384499_leaf_00141.png
1384499,leaf,142,1384499_leaf_00142.png
1384499,leaf,143,1384499_leaf_00143.png
1406863,flower,0,1406863_flower_00000.png
1406863,flower,1,1406863_flower_00001.png
1406863,flower,2,1406863_flower_00002.png
1406863,flower,3,1406863_flower_00003.png
1406863,flower,4,1406863_flower_00004.png
1406863,flower,5,1406863_flower_00005.png
1406863,flower,6,1406863_flower_00006.png
1406863,flower,7,1406863_flower_00007.png
1406863,flower,8,1406863_flower_00008.png
1406863,flower,9,1406863_flower_00009.png
1406863,flower,10,1406863_flower_00010.png
1406863,flower,11,1406863_flower_00011.png
1406863,flower,12,1406863_flower_00012.png
1406863,flower,13,1406863_flower_00013.png
1406863,flower,14,1406863_flower_00014.png
1406863,flower,15,1406863_flower_00015.png
1406863,flower,16,1406863_flower_00016.png
1406863,flower,17,1406863_flower_00017.png
1406863,flower,18,1406863_flower_00018.png
1406863,flower,19,1406863_flower_00019.png
1406863,flower,20,1406863_flower_00020.png
1406863,flower,21,1406863_flower_00021.png
1406863,flower,22,1406863_flower_00022.png
1406863,flower,23,1406863_flower_00023.png
1406863,flower,24,1406863_flower_00024.png
1406863,flower,25,1406863_flower_00025.png
1406863,flower,26,1406863_flower_00026.png
1406863,flower,27,1406863_flower_00027.png
1406863,flower,28,1406863_flower_00028.png
1406863,flower,29,1406863_flower_00029.png
1406863,flower,30,1406863_flower_00030.png
1406863,flower,31,1406863_flower_00031.png
1406863,flower,32,1406863_flower_00032.png
1406863,flower,33,1406863_flower_00033.png
1406863,flower,34,1406863_flower_00034.png
1406863,flower,35,1406863_flower_00035.png
1406863,flower,36,1406863_flower_00036.png
1406863,flower,37,1406863_flower_00037.png
1406863,flower,38,1406863_flower_00038.png
1406863,flower,39,1406863_flower_00039.png
1406863,flower,40,1406863_flower_00040.png
1406863,flower,41,1406863_flower_00041.png
1406863,flower,42,1406863_flower_00042.png
1406863,flower,43,1406863_flower_00043.png
1406863,flower,44,1406863_flower_00044.png
1406863,flower,45,1406863_flower_00045.png
1406863,flower,46,1406863_flower_00046.png
1406863,flower,47,1406863_flower_00047.png
1406863,flower,48,1406863_flower_00048.png
1406863,flower,49,1406863_flower_00049.png
1406863,flower,50,1406863_flower_00050.png
1406863,flower,51,1406863_flower_00051.png
1406863,flower,52,1406863_flower_00052.png
1406863,leaf,53,1406863_leaf_00053.png
1406863,leaf,54,1406863_leaf_00054.png
1406863,leaf,55,1406863_leaf_00055.png
1406863,leaf,56,1406863_leaf_00056.png
1406863,leaf,57,1406863_leaf_00057.png
1406863,leaf,58,1406863_leaf_00058.png
1406863,leaf,59,1406863_leaf_00059.png
1406863,leaf,60,1406863_leaf_00060.png
1406863,leaf,61,1406863_leaf_00061.png
1406863,leaf,62,1406863_leaf_00062.png
1406863,leaf,63,1406863_leaf_00063.png
1406863,leaf,64,1406863_leaf_00064.png
1406863,leaf,65,1406863_leaf_00065.png
1406863,leaf,66,1406863_leaf_00066.png
1406863,leaf,67,1406863_leaf_00067.png
1406863,leaf,68,1406863_leaf_00068.png
1406863,leaf,69,1406863_leaf_00069.png
1406863,leaf,70,1406863_leaf_00070.png
1406863,leaf,71,1406863_leaf_00071.png
1406863,leaf,72,1406863_leaf_00072.png
1406863,leaf,73,1406863_leaf_00073.png
1406863,leaf,74,1406863_leaf_00074.png
1406863,leaf,75,1406863_leaf_00075.png
1406863,leaf,76,1406863_leaf_00076.png
1406863,leaf,77,1406863_leaf_00077.png
1406863,leaf,78,1406863_leaf_00078.png
1406863,leaf,79,1406863_leaf_00079.png
1406863,leaf,80,1406863_leaf_00080.png
1406863,leaf,81,1406863_leaf_00081.png
1406863,leaf,82,1406863_leaf_00082.png
1406863,leaf,83,1406863_leaf_00083.png
1406863,leaf,84,1406863_leaf_00084.png
1406863,leaf,85,1406863_leaf_00085.png
1406863,leaf,86,1406863_leaf_00086.png
1406863,leaf,87,1406863_leaf_00087.png
1406863,leaf,88,1406863_leaf_00088.png
1406863,leaf,89,1406863_leaf_00089.png
1406863,leaf,90,1406863_leaf_00090.png
1406863,leaf,91,1406863_leaf_00091.png
1406863,leaf,92,1406863_leaf_00092.png
1406863,leaf,93,1406863_leaf_00093.png
1406863,leaf,94,1406863_leaf_00094.png
1406863,leaf,95,1406863_leaf_00095.png
1406863,leaf,96,1406863_leaf_00096.png
1406863,leaf,97,1406863_leaf_00097.png
1406863,leaf,98,1406863_leaf_00098.png
1406863,leaf,99,1406863_leaf_00099.png
1406863,leaf,100,1406863_leaf_00100.png
1406863,leaf,101,1406863_leaf_00101.png
1406863,leaf,102,1406863_leaf_00102.png
1406863,leaf,103,1406863_leaf_00103.png
1406863,leaf,104,1406863_leaf_00104.png
1406863,leaf,105,1406863_leaf_00105.png
1406863,leaf,106,1406863_leaf_00106.png
1406863,leaf,107,1406863_leaf_00107.png
1406863,leaf,108,1406863_leaf_00108.png
1406863,leaf,109,1406863_leaf_00109.png
1406863,leaf,110,1406863_leaf_00110.png
1406863,leaf,111,1406863_leaf_00111.png
1406863,leaf,112,1406863_leaf_00112.png
1406863,leaf,113,1406863_leaf_00113.png
1406863,leaf,114,1406863_leaf_00114.png
1406863,leaf,115,1406863_leaf_00115.png
1406863,leaf,116,1406863_leaf_00116.png
1406863,leaf,117,1406863_leaf_00117.png
1406863,leaf,118,1406863_leaf_00118.png
1406863,leaf,119,1406863_leaf_00119.png
1406863,leaf,120,1406863_leaf_00120.png
1406863,leaf,121,1406863_leaf_00121.png
1406863,leaf,122,1406863_leaf_00122.png
1406863,leaf,123,1406863_leaf_00123.png
1406863,leaf,124,1406863_leaf_00124.png
1406863,leaf,125,1406863_leaf_00125.png
1406863,leaf,126,1406863_leaf_00126.png
1406863,leaf,127,1406863_leaf_00127.png
1406863,leaf,128,1406863_leaf_00128.png
1406863,leaf,129,1406863_leaf_00129.png
1406863,leaf,130,1406863_leaf_00130.png
1406863,leaf,131,1406863_leaf_00131.png
1406863,leaf,132,1406863_leaf_00132.png
1406863,leaf,133,1406863_leaf_00133.png
1392654,flower,0,1392654_flower_00000.png
1392654,flower,1,1392654_flower_00001.png
1392654,flower,2,1392654_flower_00002.png
1392654,flower,3,1392654_flower_00003.png
1392654,flower,4,1392654_flower_00004.png
1392654,flower,5,1392654_flower_00005.png
1392654,flower,6,1392654_flower_00006.png
1392654,flower,7,1392654_flower_00007.png
1392654,flower,8,1392654_flower_00008.png
1392654,flower,9,1392654_flower_00009.png
1392654,flower,10,1392654_flower_00010.png
1392654,flower,11,1392654_flower_00011.png
1392654,flower,12,1392654_flower_00012.png
1392654,flower,13,1392654_flower_00013.png
1392654,flower,14,1392654_flower_00014.png
1392654,flower,15,1392654_flower_00015.png
1392654,flower,16,1392654_flower_00016.png
1392654,flower,17,1392654_flower_00017.png
1392654,flower,18,1392654_flower_00018.png
1392654,flower,19,1392654_flower_00019.png
1392654,flower,20,1392654_flower_00020.png
1392654,flower,21,1392654_flower_00021.png
1392654,flower,22,1392654_flower_00022.png
1392654,flower,23,1392654_flower_00023.png
1392654,flower,24,1392654_flower_00024.png
1392654,flower,25,1392654_flower_00025.png
1392654,flower,26,1392654_flower_00026.png
1392654,flower,27,1392654_flower_00027.png
1392654,flower,28,1392654_flower_00028.png
1392654,flower,29,1392654_flower_00029.png
1392654,flower,30,1392654_flower_00030.png
1392654,flower,31,1392654_flower_00031.png
1392654,flower,32,1392654_flower_00032.png
1392654,flower,33,1392654_flower_00033.png
1392654,flower,34,1392654_flower_00034.png
1392654,flower,35,1392654_flower_00035.png
1392654,flower,36,1392654_flower_00036.png
1392654,flower,37,1392654_flower_00037.png
1392654,flower,38,1392654_flower_00038.png
1392654,flower,39,1392654_flower_00039.png
1392654,flower,40,1392654_flower_00040.png
1392654,flower,41,1392654_flower_00041.png
1392654,flower,42,1392654_flower_00042.png
1392654,flower,43,1392654_flower_00043.png
1392654,flower,44,1392654_flower_00044.png
1392654,flower,45,1392654_flower_00045.png
1392654,flower,46,1392654_flower_00046.png
1392654,flower,47,1392654_flower_00047.png
1392654,flower,48,1392654_flower_00048.png
1392654,flower,49,1392654_flower_00049.png
1392654,flower,50,1392654_flower_00050.png
1392654,flower,51,1392654_flower_00051.png
1392654,flower,52,1392654_flower_00052.png
1392654,flower,53,1392654_flower_00053.png
1392654,flower,54,1392654_flower_00054.png
1392654,flower,55,1392654_flower_00055.png
1392654,flower,56,1392654_flower_00056.png
1392654,flower,57,1392654_flower_00057.png
1392654,flower,58,1392654_flower_00058.png
1392654,flower,59,1392654_flower_00059.png
1392654,flower,60,1392654_flower_00060.png
1392654,flower,61,1392654_flower_00061.png
1392654,flower,62,1392654_flower_00062.png
1392654,flower,63,1392654_flower_00063.png
1392654,flower,64,1392654_flower_00064.png
1392654,flower,65,1392654_flower_00065.png
1392654,flower,66,1392654_flower_00066.png
1392654,flower,67,1392654_flower_00067.png
1392654,flower,68,1392654_flower_00068.png
1392654,flower,69,1392654_flower_00069.png
1392654,flower,70,1392654_flower_00070.png
1392654,flower,71,1392654_flower_00071.png
1392654,flower,72,1392654_flower_00072.png
1392654,flower,73,1392654_flower_00073.png
1392654,flower,74,1392654_flower_00074.png
1392654,flower,75,1392654_flower_00075.png
1392654,flower,76,1392654_flower_00076.png
1392654,flower,77,1392654_flower_00077.png
1392654,flower,78,1392654_flower_00078.png
1392654,flower,79,1392654_flower_00079.png
1392654,flower,80,1392654_flower_00080.png
1392654,flower,81,1392654_flower_00081.png
1392654,leaf,82,1392654_leaf_00082.png
1392654,leaf,83,1392654_leaf_00083.png
1392654,leaf,84,1392654_leaf_00084.png
1392654,leaf,85,1392654_leaf_00085.png
1392654,leaf,86,1392654_leaf_00086.png
1392654,leaf,87,1392654_leaf_00087.png
1392654,leaf,88,1392654_leaf_00088.png
1392654,leaf,89,1392654_leaf_00089.png
1392654,leaf,90,1392654_leaf_00090.png
1392654,leaf,91,1392654_leaf_00091.png
1392654,leaf,92,1392654_leaf_00092.png
1392654,leaf,93,1392654_leaf_00093.png
1392654,leaf,94,1392654_leaf_00094.png
1392654,leaf,95,1392654_leaf_00095.png
1392654,leaf,96,1392654_leaf_00096.png
1392654,leaf,97,1392654_leaf_00097.png
1392654,leaf,98,1392654_leaf_00098.png
1392654,leaf,99,1392654_leaf_00099.png
1392654,leaf,100,1392654_leaf_00100.png
1392654,leaf,101,1392654_leaf_00101.png
1392654,leaf,102,1392654_leaf_00102.png
1392654,leaf,103,1392654_leaf_00103.png
1392654,leaf,104,1392654_leaf_00104.png
1392654,leaf,105,1392654_leaf_00105.png
1392654,leaf,106,1392654_leaf_00106.png
1392654,leaf,107,1392654_leaf_00107.png
1392654,leaf,108,1392654_leaf_00108.png
1392654,leaf,109,1392654_leaf_00109.png
1392654,leaf,110,1392654_leaf_00110.png
1392654,leaf,111,1392654_leaf_00111.png
1392654,leaf,112,1392654_leaf_00112.png
1392654,leaf,113,1392654_leaf_00113.png
1392654,leaf,114,1392654_leaf_00114.png
1392654,leaf,115,1392654_leaf_00115.png
1392654,leaf,116,1392654_leaf_00116.png
1392654,leaf,117,1392654_leaf_00117.png
1392654,leaf,118,1392654_leaf_00118.png
1392654,leaf,119,1392654_leaf_00119.png
1392654,leaf,120,1392654_leaf_00120.png
1392654,leaf,121,1392654_leaf_00121.png
1392654,leaf,122,1392654_leaf_00122.png
1392654,leaf,123,1392654_leaf_00123.png
1392654,leaf,124,1392654_leaf_00124.png
1392654,leaf,125,1392654_leaf_00125.png
1392654,leaf,126,1392654_leaf_00126.png
1392654,leaf,127,1392654_leaf_00127.png
1392654,leaf,128,1392654_leaf_00128.png
