exp_id,k,p,loss,gamma,es_monitor,C,R,condition,n_seeds,rare_f1_mean,rare_f1_std,rare_recall_mean,rare_recall_std,rare_precision_mean,rare_precision_std,overall_f1_mean,overall_f1_std,overall_acc_mean,overall_acc_std
exp_0001_Cmedian_gap_pow_p0.5_mid_focal,1.0,0.5,focal,2.0,rare_f1,121.0,96.0,A,3,0.653696734678585,0.019727516305720463,,0.0,,0.0,0.6279077663668681,0.003584497599863613,,0.0
exp_0001_Cmedian_gap_pow_p0.5_mid_focal,1.0,0.5,focal,2.0,rare_f1,121.0,96.0,B,3,0.6444281977880886,0.021478443090872976,,0.0,,0.0,0.6209872248178363,0.0228088880715593,,0.0
exp_0001_Cmedian_gap_pow_p0.5_mid_focal,1.0,0.5,focal,2.0,rare_f1,121.0,96.0,C,3,0.6407034055843993,0.031244806616951153,,0.0,,0.0,0.6268463048979666,0.007601684693717861,,0.0
exp_0001_Cmedian_gap_pow_p0.5_mid_focal,1.0,0.5,focal,2.0,rare_f1,121.0,96.0,D,3,0.652822561056911,0.04240343161024712,,0.0,,0.0,0.634084845367583,0.023680227457428468,,0.0
exp_0002_Cmedian_gap_pow_k2.0_p0.5_mid_focal,2.0,0.5,focal,2.0,rare_f1,121.0,96.0,A,3,0.653696734678585,0.019727516305720463,,0.0,,0.0,0.6279077663668681,0.003584497599863613,,0.0
exp_0002_Cmedian_gap_pow_k2.0_p0.5_mid_focal,2.0,0.5,focal,2.0,rare_f1,121.0,96.0,B,3,0.6540211959112213,0.03946925252113545,,0.0,,0.0,0.6420577884077332,0.020109055726241703,,0.0
exp_0002_Cmedian_gap_pow_k2.0_p0.5_mid_focal,2.0,0.5,focal,2.0,rare_f1,121.0,96.0,C,3,0.6417426901804346,0.015970287521334815,,0.0,,0.0,0.6250180304823831,0.011699199774317704,,0.0
exp_0002_Cmedian_gap_pow_k2.0_p0.5_mid_focal,2.0,0.5,focal,2.0,rare_f1,121.0,96.0,D,3,0.6261792471074827,0.027204852450440655,,0.0,,0.0,0.6251192423939959,0.004673631662675444,,0.0
exp_0003_Cmedian_gap_pow_k0.5_p0.5_mid_focal,0.5,0.5,focal,2.0,rare_f1,121.0,96.0,A,3,0.653696734678585,0.019727516305720463,,0.0,,0.0,0.6279077663668681,0.003584497599863613,,0.0
exp_0003_Cmedian_gap_pow_k0.5_p0.5_mid_focal,0.5,0.5,focal,2.0,rare_f1,121.0,96.0,B,3,0.6469843904606747,0.03738583657470045,,0.0,,0.0,0.6107482439268017,0.029728683108717846,,0.0
exp_0003_Cmedian_gap_pow_k0.5_p0.5_mid_focal,0.5,0.5,focal,2.0,rare_f1,121.0,96.0,C,3,0.6211120295493074,0.022528196499460713,,0.0,,0.0,0.6170895297073503,0.006384280866416997,,0.0
exp_0003_Cmedian_gap_pow_k0.5_p0.5_mid_focal,0.5,0.5,focal,2.0,rare_f1,121.0,96.0,D,3,0.6410146157116065,0.01516627958453499,,0.0,,0.0,0.6393077922874053,0.009525359196770536,,0.0
exp_0004_Cmedian_gap_pow_k1.0_p0.5_mid_focal,1.0,0.5,focal,2.0,overall_f1,121.0,96.0,A,3,0.6448837471119878,0.03242596374173512,0.6500196716863383,0.03551459293736552,0.6743570300433045,0.04339098445945154,0.628121672118127,0.0021445576380119263,0.7136659436008678,0.0015642304882706925
exp_0004_Cmedian_gap_pow_k1.0_p0.5_mid_focal,1.0,0.5,focal,2.0,overall_f1,121.0,96.0,B,3,0.6420444912850878,0.021144884605241093,0.6905711572378239,0.011053106450055552,0.6220461953098692,0.03615324017210511,0.6317295366848588,0.005203847582050437,0.7175704989154014,0.003443494114183855
exp_0004_Cmedian_gap_pow_k1.0_p0.5_mid_focal,1.0,0.5,focal,2.0,overall_f1,121.0,96.0,C,3,0.616821820912302,0.021379496628999975,0.6413485280151946,0.021538571645684984,0.6273440140106806,0.011656549742454909,0.6199106489497691,0.007757971638786089,0.706290672451193,0.008127980041299443
exp_0004_Cmedian_gap_pow_k1.0_p0.5_mid_focal,1.0,0.5,focal,2.0,overall_f1,121.0,96.0,D,3,0.6617914997991201,0.00481783538860931,0.6816218966218967,0.01188869507062483,0.6611085275997556,0.008309728081938859,0.6331808502539279,0.0015400829494227441,0.7203181489515545,0.0012523867010620726
exp_0005_Cmedian_gap_pow_k2.0_p0.5_mid_focal,2.0,0.5,focal,2.0,overall_f1,121.0,96.0,A,3,0.6448837471119878,0.03242596374173512,0.6500196716863383,0.03551459293736552,0.6743570300433045,0.04339098445945154,0.628121672118127,0.0021445576380119263,0.7136659436008678,0.0015642304882706925
exp_0005_Cmedian_gap_pow_k2.0_p0.5_mid_focal,2.0,0.5,focal,2.0,overall_f1,121.0,96.0,B,3,0.6322533599638697,0.01983725086447873,0.6796486229819564,0.019722061387147976,0.6107353547343227,0.030263394580779018,0.6298141012033995,0.00796142604603189,0.7140997830802602,0.0021691973969631406
exp_0005_Cmedian_gap_pow_k2.0_p0.5_mid_focal,2.0,0.5,focal,2.0,overall_f1,121.0,96.0,C,3,0.6263607474585098,0.0031208467089486776,0.6525451092117759,0.009756132832772067,0.6203441441599336,0.009228855597934583,0.6215462136137372,0.0068738255020593525,0.7139551699204628,0.006291918992858127
exp_0005_Cmedian_gap_pow_k2.0_p0.5_mid_focal,2.0,0.5,focal,2.0,overall_f1,121.0,96.0,D,3,0.628417335413174,0.03325489441975798,0.6620655270655271,0.027764887409696102,0.6250863189098483,0.03913557042209657,0.623039422004112,0.005203610509366388,0.7119305856832971,0.004831031985101949
exp_0006_Cmedian_gap_pow_k0.5_p0.5_mid_focal,0.5,0.5,focal,2.0,overall_f1,121.0,96.0,A,3,0.6448837471119878,0.03242596374173512,0.6500196716863383,0.03551459293736552,0.6743570300433045,0.04339098445945154,0.628121672118127,0.0021445576380119263,0.7136659436008678,0.0015642304882706925
exp_0006_Cmedian_gap_pow_k0.5_p0.5_mid_focal,0.5,0.5,focal,2.0,overall_f1,121.0,96.0,B,3,0.637206589194475,0.020325331883464092,0.6990137023470356,0.03252490730608693,0.6123719853131618,0.021112067753060886,0.624695693158257,0.0044486481787212595,0.7119305856832971,0.001988102253776977
exp_0006_Cmedian_gap_pow_k0.5_p0.5_mid_focal,0.5,0.5,focal,2.0,overall_f1,121.0,96.0,C,3,0.6296697109822663,0.03347562305361665,0.6468247184913852,0.018534142345996988,0.6437574683085519,0.05306896074086735,0.6206730523534927,0.008542311809070415,0.7139551699204628,0.004452582593880195
exp_0006_Cmedian_gap_pow_k0.5_p0.5_mid_focal,0.5,0.5,focal,2.0,overall_f1,121.0,96.0,D,3,0.6499599336008101,0.014813441327961346,0.6570526387193054,0.01353971660825029,0.6797626385577881,0.03505947550570115,0.6290459230113788,0.005495601700024208,0.718582791033984,0.005424439431239598
exp_0007_Cmedian_gap_pow_k1.0_p0.5_mid_focalg1.0,1.0,0.5,focal,1.0,overall_f1,121.0,96.0,A,3,0.639712601811673,0.030867042792107263,0.6397212047212048,0.037168167024329166,0.6654168670835336,0.02097414808294966,0.6301626121540723,0.005009608056442026,0.7197396963123643,0.003036876355748365
exp_0007_Cmedian_gap_pow_k1.0_p0.5_mid_focalg1.0,1.0,0.5,focal,1.0,overall_f1,121.0,96.0,B,3,0.6521335332676225,0.005591174853500863,0.6944247727581061,0.012026274811713682,0.6386760407348643,0.002318919265503466,0.6373720375300979,0.006188374694575745,0.7227765726681129,0.0039045553145335976
exp_0007_Cmedian_gap_pow_k1.0_p0.5_mid_focalg1.0,1.0,0.5,focal,1.0,overall_f1,121.0,96.0,C,3,0.651896722775,0.016063986725216875,0.6641778591778592,0.028485168708718134,0.654777506444173,0.004189341571674011,0.6351681019638932,0.006690309642392767,0.7211858279103399,0.00766722553394738
exp_0007_Cmedian_gap_pow_k1.0_p0.5_mid_focalg1.0,1.0,0.5,focal,1.0,overall_f1,121.0,96.0,D,3,0.6660489110608986,0.04344571850369075,0.7020173653506987,0.030660656259614748,0.6465673702515807,0.05340680897271254,0.6363863875544115,0.010697219849906221,0.7224873463485179,0.007211833775729073
exp_0008_Cmedian_gap_pow_k1.0_p0.5_mid_ce,1.0,0.5,ce,,overall_f1,121.0,96.0,A,3,0.6430049994792734,0.02902399002925224,0.6371713471713472,0.03270890239615238,0.6674321919910154,0.0422017958842655,0.6303677967975257,0.0018500741941662137,0.720173535791757,0.0008676789587852562
exp_0008_Cmedian_gap_pow_k1.0_p0.5_mid_ce,1.0,0.5,ce,,overall_f1,121.0,96.0,B,3,0.6656199975396647,0.028246140271785347,0.685366978700312,0.03004005117747982,0.6701568819706075,0.029091932820406976,0.6340051751759946,0.0072462250562139435,0.7229211858279104,0.007289708263848741
exp_0008_Cmedian_gap_pow_k1.0_p0.5_mid_ce,1.0,0.5,ce,,overall_f1,121.0,96.0,C,3,0.6501821481656362,0.027590719031281748,0.6587186270519605,0.043977145269624825,0.6690513369022142,0.028720533928473603,0.6353642506190492,0.006377952344645274,0.7226319595083153,0.004213681065606211
exp_0008_Cmedian_gap_pow_k1.0_p0.5_mid_ce,1.0,0.5,ce,,overall_f1,121.0,96.0,D,3,0.6485558224857493,0.019907549223690216,0.6820526387193055,0.004967556819589514,0.6401551545385397,0.034165817432342656,0.6424737635490056,0.004775820570399924,0.7259580621836587,0.003077917086593283
exp_0009_Cmedian_gap_pow_k1.0_p0.5_mid_focalg3.0,1.0,0.5,focal,3.0,overall_f1,121.0,96.0,A,3,0.6325843169911436,0.01316773582752683,0.6347781847781847,0.023199997034162728,0.6691524178340483,0.007520804140282799,0.6267502530782687,0.0022568585920218916,0.7142443962400579,0.0035066827629738934
exp_0009_Cmedian_gap_pow_k1.0_p0.5_mid_focalg3.0,1.0,0.5,focal,3.0,overall_f1,121.0,96.0,B,3,0.6368917359511549,0.005576784476609318,0.686266449599783,0.019652515686997118,0.6086312635140426,0.015581501082368074,0.6245689613362027,0.015119276872282886,0.7126536514822849,0.010647496823832201
exp_0009_Cmedian_gap_pow_k1.0_p0.5_mid_focalg3.0,1.0,0.5,focal,3.0,overall_f1,121.0,96.0,C,3,0.6403693908928799,0.0179833795586215,0.6606708723375391,0.02477041912711755,0.6398027898027898,0.00836485741004836,0.6283323565178546,0.007945114329636226,0.7155459146782358,0.007211833775729131
exp_0009_Cmedian_gap_pow_k1.0_p0.5_mid_focalg3.0,1.0,0.5,focal,3.0,overall_f1,121.0,96.0,D,3,0.655805604079792,0.00867747416992516,0.6854226020892688,0.009479776326763396,0.6515317391013985,0.01839519740630711,0.6342016474553626,0.008468210106469889,0.7169920462762112,0.004679302874147077
